Workbook

Sheet Auswertung Gesamt
A1: Name | B1: Summe
A2: Conni K | B2: =SUM('Auswertung Stage'!B4:V4) -> 428
A3: Cindy | B3: =SUM('Auswertung Stage'!B3:V3) -> 367
A4: Sebbo | B4: =SUM('Auswertung Stage'!B9:V9) -> 394
A5: Lanci | B5: =SUM('Auswertung Stage'!B8:V8) -> 370
A6: Till | B6: =SUM('Auswertung Stage'!B11:V11) -> 388
A7: Richard NB | B7: =SUM('Auswertung Stage'!B15:V15) -> 471
A8: Jakob | B8: =SUM('Auswertung Stage'!B2:V2) -> 373
A9: Lea | B9: =SUM('Auswertung Stage'!B7:V7) -> 345
A10: Chris | B10: =SUM('Auswertung Stage'!B5:V5) -> 367
A11: Jule | B11: =SUM('Auswertung Stage'!B14:V14) -> 327
A12: Konsti | B12: =SUM('Auswertung Stage'!B13:V13) -> 296
A13: Nora | B13: =SUM('Auswertung Stage'!B6:V6) -> 309
A14: Reto | B14: =SUM('Auswertung Stage'!B12:V12) -> 420
A15: Simi | B15: =SUM('Auswertung Stage'!B18:V18) -> 370
A16: Rikki | B16: =SUM('Auswertung Stage'!B16:V16) -> 380
A17: Bendix | B17: =SUM('Auswertung Stage'!B10:V10) -> 339
A18: Chrysli | B18: =SUM('Auswertung Stage'!B17:V17) -> 204

Sheet Auswertung Stage
B1: S 01 | C1: S 02 | D1: S 03 | E1: S 04 | F1: S 05 | G1: S 06 | H1: S 07 | I1: S 08 | J1: S 09
A2: Jakob | B2: =SUMIF(Spieler_Teams!$A:$A,$A2,Spieler_Teams!C:C) -> 71 | C2: =SUMIF(Spieler_Teams!$A:$A,$A2,Spieler_Teams!D:D) -> 49 | D2: =SUMIF(Spieler_Teams!$A:$A,$A2,Spieler_Teams!E:E) -> 70 | E2: =SUMIF(Spieler_Teams!$A:$A,$A2,Spieler_Teams!F:F) -> 0 | F2: =SUMIF(Spieler_Teams!$A:$A,$A2,Spieler_Teams!G:G) -> 15 | G2: =SUMIF(Spieler_Teams!$A:$A,$A2,Spieler_Teams!H:H) -> 72 | H2: =SUMIF(Spieler_Teams!$A:$A,$A2,Spieler_Teams!I:I) -> 30 | I2: =SUMIF(Spieler_Teams!$A:$A,$A2,Spieler_Teams!J:J) -> 31 | J2: =SUMIF(Spieler_Teams!$A:$A,$A2,Spieler_Teams!K:K) -> 35
A3: Cindy | B3: =SUMIF(Spieler_Teams!A:A,A3,Spieler_Teams!C:C) -> 67 | C3: =SUMIF(Spieler_Teams!$A:$A,$A3,Spieler_Teams!D:D) -> 78 | D3: =SUMIF(Spieler_Teams!$A:$A,$A3,Spieler_Teams!E:E) -> 73 | E3: =SUMIF(Spieler_Teams!$A:$A,$A3,Spieler_Teams!F:F) -> 0 | F3: =SUMIF(Spieler_Teams!$A:$A,$A3,Spieler_Teams!G:G) -> 0 | G3: =SUMIF(Spieler_Teams!$A:$A,$A3,Spieler_Teams!H:H) -> 79 | H3: =SUMIF(Spieler_Teams!$A:$A,$A3,Spieler_Teams!I:I) -> 7 | I3: =SUMIF(Spieler_Teams!$A:$A,$A3,Spieler_Teams!J:J) -> 8 | J3: =SUMIF(Spieler_Teams!$A:$A,$A3,Spieler_Teams!K:K) -> 55
A4: Conni K | B4: =SUMIF(Spieler_Teams!A:A,A4,Spieler_Teams!C:C) -> 66 | C4: =SUMIF(Spieler_Teams!$A:$A,$A4,Spieler_Teams!D:D) -> 62 | D4: =SUMIF(Spieler_Teams!$A:$A,$A4,Spieler_Teams!E:E) -> 90 | E4: =SUMIF(Spieler_Teams!$A:$A,$A4,Spieler_Teams!F:F) -> 29 | F4: =SUMIF(Spieler_Teams!$A:$A,$A4,Spieler_Teams!G:G) -> 19 | G4: =SUMIF(Spieler_Teams!$A:$A,$A4,Spieler_Teams!H:H) -> 80 | H4: =SUMIF(Spieler_Teams!$A:$A,$A4,Spieler_Teams!I:I) -> 40 | I4: =SUMIF(Spieler_Teams!$A:$A,$A4,Spieler_Teams!J:J) -> 30 | J4: =SUMIF(Spieler_Teams!$A:$A,$A4,Spieler_Teams!K:K) -> 12
A5: Chris | B5: =SUMIF(Spieler_Teams!A:A,A5,Spieler_Teams!C:C) -> 61 | C5: =SUMIF(Spieler_Teams!$A:$A,$A5,Spieler_Teams!D:D) -> 48 | D5: =SUMIF(Spieler_Teams!$A:$A,$A5,Spieler_Teams!E:E) -> 68 | E5: =SUMIF(Spieler_Teams!$A:$A,$A5,Spieler_Teams!F:F) -> 6 | F5: =SUMIF(Spieler_Teams!$A:$A,$A5,Spieler_Teams!G:G) -> 26 | G5: =SUMIF(Spieler_Teams!$A:$A,$A5,Spieler_Teams!H:H) -> 65 | H5: =SUMIF(Spieler_Teams!$A:$A,$A5,Spieler_Teams!I:I) -> 41 | I5: =SUMIF(Spieler_Teams!$A:$A,$A5,Spieler_Teams!J:J) -> 42 | J5: =SUMIF(Spieler_Teams!$A:$A,$A5,Spieler_Teams!K:K) -> 10
A6: Nora | B6: =SUMIF(Spieler_Teams!A:A,A6,Spieler_Teams!C:C) -> 57 | C6: =SUMIF(Spieler_Teams!$A:$A,$A6,Spieler_Teams!D:D) -> 45 | D6: =SUMIF(Spieler_Teams!$A:$A,$A6,Spieler_Teams!E:E) -> 64 | E6: =SUMIF(Spieler_Teams!$A:$A,$A6,Spieler_Teams!F:F) -> 0 | F6: =SUMIF(Spieler_Teams!$A:$A,$A6,Spieler_Teams!G:G) -> 11 | G6: =SUMIF(Spieler_Teams!$A:$A,$A6,Spieler_Teams!H:H) -> 63 | H6: =SUMIF(Spieler_Teams!$A:$A,$A6,Spieler_Teams!I:I) -> 16 | I6: =SUMIF(Spieler_Teams!$A:$A,$A6,Spieler_Teams!J:J) -> 18 | J6: =SUMIF(Spieler_Teams!$A:$A,$A6,Spieler_Teams!K:K) -> 35
A7: Lea | B7: =SUMIF(Spieler_Teams!A:A,A7,Spieler_Teams!C:C) -> 55 | C7: =SUMIF(Spieler_Teams!$A:$A,$A7,Spieler_Teams!D:D) -> 46 | D7: =SUMIF(Spieler_Teams!$A:$A,$A7,Spieler_Teams!E:E) -> 68 | E7: =SUMIF(Spieler_Teams!$A:$A,$A7,Spieler_Teams!F:F) -> 21 | F7: =SUMIF(Spieler_Teams!$A:$A,$A7,Spieler_Teams!G:G) -> 21 | G7: =SUMIF(Spieler_Teams!$A:$A,$A7,Spieler_Teams!H:H) -> 56 | H7: =SUMIF(Spieler_Teams!$A:$A,$A7,Spieler_Teams!I:I) -> 31 | I7: =SUMIF(Spieler_Teams!$A:$A,$A7,Spieler_Teams!J:J) -> 37 | J7: =SUMIF(Spieler_Teams!$A:$A,$A7,Spieler_Teams!K:K) -> 10
A8: Lanci | B8: =SUMIF(Spieler_Teams!A:A,A8,Spieler_Teams!C:C) -> 54 | C8: =SUMIF(Spieler_Teams!$A:$A,$A8,Spieler_Teams!D:D) -> 59 | D8: =SUMIF(Spieler_Teams!$A:$A,$A8,Spieler_Teams!E:E) -> 68 | E8: =SUMIF(Spieler_Teams!$A:$A,$A8,Spieler_Teams!F:F) -> 30 | F8: =SUMIF(Spieler_Teams!$A:$A,$A8,Spieler_Teams!G:G) -> 12 | G8: =SUMIF(Spieler_Teams!$A:$A,$A8,Spieler_Teams!H:H) -> 75 | H8: =SUMIF(Spieler_Teams!$A:$A,$A8,Spieler_Teams!I:I) -> 22 | I8: =SUMIF(Spieler_Teams!$A:$A,$A8,Spieler_Teams!J:J) -> 25 | J8: =SUMIF(Spieler_Teams!$A:$A,$A8,Spieler_Teams!K:K) -> 25
A9: Sebbo | B9: =SUMIF(Spieler_Teams!A:A,A9,Spieler_Teams!C:C) -> 53 | C9: =SUMIF(Spieler_Teams!$A:$A,$A9,Spieler_Teams!D:D) -> 77 | D9: =SUMIF(Spieler_Teams!$A:$A,$A9,Spieler_Teams!E:E) -> 76 | E9: =SUMIF(Spieler_Teams!$A:$A,$A9,Spieler_Teams!F:F) -> 10 | F9: =SUMIF(Spieler_Teams!$A:$A,$A9,Spieler_Teams!G:G) -> 14 | G9: =SUMIF(Spieler_Teams!$A:$A,$A9,Spieler_Teams!H:H) -> 66 | H9: =SUMIF(Spieler_Teams!$A:$A,$A9,Spieler_Teams!I:I) -> 26 | I9: =SUMIF(Spieler_Teams!$A:$A,$A9,Spieler_Teams!J:J) -> 37 | J9: =SUMIF(Spieler_Teams!$A:$A,$A9,Spieler_Teams!K:K) -> 35
A10: Bendix | B10: =SUMIF(Spieler_Teams!A:A,A10,Spieler_Teams!C:C) -> 53 | C10: =SUMIF(Spieler_Teams!$A:$A,$A10,Spieler_Teams!D:D) -> 35 | D10: =SUMIF(Spieler_Teams!$A:$A,$A10,Spieler_Teams!E:E) -> 59 | E10: =SUMIF(Spieler_Teams!$A:$A,$A10,Spieler_Teams!F:F) -> 2 | F10: =SUMIF(Spieler_Teams!$A:$A,$A10,Spieler_Teams!G:G) -> 25 | G10: =SUMIF(Spieler_Teams!$A:$A,$A10,Spieler_Teams!H:H) -> 60 | H10: =SUMIF(Spieler_Teams!$A:$A,$A10,Spieler_Teams!I:I) -> 45 | I10: =SUMIF(Spieler_Teams!$A:$A,$A10,Spieler_Teams!J:J) -> 50 | J10: =SUMIF(Spieler_Teams!$A:$A,$A10,Spieler_Teams!K:K) -> 10
A11: Till | B11: =SUMIF(Spieler_Teams!A:A,A11,Spieler_Teams!C:C) -> 52 | C11: =SUMIF(Spieler_Teams!$A:$A,$A11,Spieler_Teams!D:D) -> 55 | D11: =SUMIF(Spieler_Teams!$A:$A,$A11,Spieler_Teams!E:E) -> 75 | E11: =SUMIF(Spieler_Teams!$A:$A,$A11,Spieler_Teams!F:F) -> 25 | F11: =SUMIF(Spieler_Teams!$A:$A,$A11,Spieler_Teams!G:G) -> 18 | G11: =SUMIF(Spieler_Teams!$A:$A,$A11,Spieler_Teams!H:H) -> 63 | H11: =SUMIF(Spieler_Teams!$A:$A,$A11,Spieler_Teams!I:I) -> 38 | I11: =SUMIF(Spieler_Teams!$A:$A,$A11,Spieler_Teams!J:J) -> 32 | J11: =SUMIF(Spieler_Teams!$A:$A,$A11,Spieler_Teams!K:K) -> 30
A12: Reto | B12: =SUMIF(Spieler_Teams!A:A,A12,Spieler_Teams!C:C) -> 50 | C12: =SUMIF(Spieler_Teams!$A:$A,$A12,Spieler_Teams!D:D) -> 48 | D12: =SUMIF(Spieler_Teams!$A:$A,$A12,Spieler_Teams!E:E) -> 65 | E12: =SUMIF(Spieler_Teams!$A:$A,$A12,Spieler_Teams!F:F) -> 0 | F12: =SUMIF(Spieler_Teams!$A:$A,$A12,Spieler_Teams!G:G) -> 46 | G12: =SUMIF(Spieler_Teams!$A:$A,$A12,Spieler_Teams!H:H) -> 62 | H12: =SUMIF(Spieler_Teams!$A:$A,$A12,Spieler_Teams!I:I) -> 53 | I12: =SUMIF(Spieler_Teams!$A:$A,$A12,Spieler_Teams!J:J) -> 50 | J12: =SUMIF(Spieler_Teams!$A:$A,$A12,Spieler_Teams!K:K) -> 46
A13: Konsti | B13: =SUMIF(Spieler_Teams!A:A,A13,Spieler_Teams!C:C) -> 50 | C13: =SUMIF(Spieler_Teams!$A:$A,$A13,Spieler_Teams!D:D) -> 62 | D13: =SUMIF(Spieler_Teams!$A:$A,$A13,Spieler_Teams!E:E) -> 45 | E13: =SUMIF(Spieler_Teams!$A:$A,$A13,Spieler_Teams!F:F) -> 10 | F13: =SUMIF(Spieler_Teams!$A:$A,$A13,Spieler_Teams!G:G) -> 20 | G13: =SUMIF(Spieler_Teams!$A:$A,$A13,Spieler_Teams!H:H) -> 60 | H13: =SUMIF(Spieler_Teams!$A:$A,$A13,Spieler_Teams!I:I) -> 14 | I13: =SUMIF(Spieler_Teams!$A:$A,$A13,Spieler_Teams!J:J) -> 9 | J13: =SUMIF(Spieler_Teams!$A:$A,$A13,Spieler_Teams!K:K) -> 26
A14: Jule | B14: =SUMIF(Spieler_Teams!A:A,A14,Spieler_Teams!C:C) -> 40 | C14: =SUMIF(Spieler_Teams!$A:$A,$A14,Spieler_Teams!D:D) -> 53 | D14: =SUMIF(Spieler_Teams!$A:$A,$A14,Spieler_Teams!E:E) -> 73 | E14: =SUMIF(Spieler_Teams!$A:$A,$A14,Spieler_Teams!F:F) -> 10 | F14: =SUMIF(Spieler_Teams!$A:$A,$A14,Spieler_Teams!G:G) -> 31 | G14: =SUMIF(Spieler_Teams!$A:$A,$A14,Spieler_Teams!H:H) -> 54 | H14: =SUMIF(Spieler_Teams!$A:$A,$A14,Spieler_Teams!I:I) -> 28 | I14: =SUMIF(Spieler_Teams!$A:$A,$A14,Spieler_Teams!J:J) -> 24 | J14: =SUMIF(Spieler_Teams!$A:$A,$A14,Spieler_Teams!K:K) -> 14
... A18: Simi | B18: =SUMIF(Spieler_Teams!A:A,A18,Spieler_Teams!C:C) -> 25 | C18: =SUMIF(Spieler_Teams!$A:$A,$A18,Spieler_Teams!D:D) -> 47 | D18: =SUMIF(Spieler_Teams!$A:$A,$A18,Spieler_Teams!E:E) -> 58 | E18: =SUMIF(Spieler_Teams!$A:$A,$A18,Spieler_Teams!F:F) -> 27 | F18: =SUMIF(Spieler_Teams!$A:$A,$A18,Spieler_Teams!G:G) -> 48 | G18: =SUMIF(Spieler_Teams!$A:$A,$A18,Spieler_Teams!H:H) -> 51 | H18: =SUMIF(Spieler_Teams!$A:$A,$A18,Spieler_Teams!I:I) -> 33 | I18: =SUMIF(Spieler_Teams!$A:$A,$A18,Spieler_Teams!J:J) -> 40 | J18: =SUMIF(Spieler_Teams!$A:$A,$A18,Spieler_Teams!K:K) -> 41

Sheet Spieler_Teams
A1: Spieler | B1: Fahrer | C1: Stage01 | D1: Stage02 | E1: Stage03 | F1: Stage04 | G1: Stage05 | H1: Stage06 | I1: Stage07 | J1: Stage08 | K1: Stage09
A2: Reto | B2: =Startlist2026!D2 -> PogačarTadejUAE Team Emirates - XRG | C2: =SUMIF(Ergebnisse_Roh!C$2:C$21,$B2,Punktematrix!$B$2:$B$21) -> 17 | D2: =SUMIF(Ergebnisse_Roh!D$2:D$21,$B2,Punktematrix!$B$2:$B$21) -> 20 | E2: =SUMIF(Ergebnisse_Roh!E$2:E$21,$B2,Punktematrix!$B$2:$B$21) -> 30 | F2: =SUMIF(Ergebnisse_Roh!F$2:F$21,$B2,Punktematrix!$B$2:$B$21) -> 0 | G2: =SUMIF(Ergebnisse_Roh!G$2:G$21,$B2,Punktematrix!$B$2:$B$21) -> 0 | H2: =SUMIF(Ergebnisse_Roh!H$2:H$21,$B2,Punktematrix!$B$2:$B$21) -> 30 | I2: =SUMIF(Ergebnisse_Roh!I$2:I$21,$B2,Punktematrix!$B$2:$B$21) -> 5 | J2: =SUMIF(Ergebnisse_Roh!J$2:J$21,$B2,Punktematrix!$B$2:$B$21) -> 5 | K2: =SUMIF(Ergebnisse_Roh!K$2:K$21,$B2,Punktematrix!$B$2:$B$21) -> 10
A3: Reto | B3: =Startlist2026!D82 -> van der PoelMathieuAlpecin - Premier Tech | C3: =SUMIF(Ergebnisse_Roh!C$2:C$21,$B3,Punktematrix!$B$2:$B$21) -> 5 | D3: =SUMIF(Ergebnisse_Roh!D$2:D$21,$B3,Punktematrix!$B$2:$B$21) -> 0 | E3: =SUMIF(Ergebnisse_Roh!E$2:E$21,$B3,Punktematrix!$B$2:$B$21) -> 0 | F3: =SUMIF(Ergebnisse_Roh!F$2:F$21,$B3,Punktematrix!$B$2:$B$21) -> 0 | G3: =SUMIF(Ergebnisse_Roh!G$2:G$21,$B3,Punktematrix!$B$2:$B$21) -> 0 | H3: =SUMIF(Ergebnisse_Roh!H$2:H$21,$B3,Punktematrix!$B$2:$B$21) -> 0 | I3: =SUMIF(Ergebnisse_Roh!I$2:I$21,$B3,Punktematrix!$B$2:$B$21) -> 0 | J3: =SUMIF(Ergebnisse_Roh!J$2:J$21,$B3,Punktematrix!$B$2:$B$21) -> 1 | K3: =SUMIF(Ergebnisse_Roh!K$2:K$21,$B3,Punktematrix!$B$2:$B$21) -> 25
A4: Reto | B4: =Startlist2026!D58 -> MartinezLennyBahrain - Victorious | C4: =SUMIF(Ergebnisse_Roh!C$2:C$21,$B4,Punktematrix!$B$2:$B$21) -> 1 | D4: =SUMIF(Ergebnisse_Roh!D$2:D$21,$B4,Punktematrix!$B$2:$B$21) -> 7 | E4: =SUMIF(Ergebnisse_Roh!E$2:E$21,$B4,Punktematrix!$B$2:$B$21) -> 3 | F4: =SUMIF(Ergebnisse_Roh!F$2:F$21,$B4,Punktematrix!$B$2:$B$21) -> 0 | G4: =SUMIF(Ergebnisse_Roh!G$2:G$21,$B4,Punktematrix!$B$2:$B$21) -> 0 | H4: =SUMIF(Ergebnisse_Roh!H$2:H$21,$B4,Punktematrix!$B$2:$B$21) -> 6 | I4: =SUMIF(Ergebnisse_Roh!I$2:I$21,$B4,Punktematrix!$B$2:$B$21) -> 0 | J4: =SUMIF(Ergebnisse_Roh!J$2:J$21,$B4,Punktematrix!$B$2:$B$21) -> 0 | K4: =SUMIF(Ergebnisse_Roh!K$2:K$21,$B4,Punktematrix!$B$2:$B$21) -> 0
A5: Reto | B5: =Startlist2026!D16 -> KussSeppTeam Visma | Lease a Bike | C5: =SUMIF(Ergebnisse_Roh!C$2:C$21,$B5,Punktematrix!$B$2:$B$21) -> 0 | D5: =SUMIF(Ergebnisse_Roh!D$2:D$21,$B5,Punktematrix!$B$2:$B$21) -> 0 | E5: =SUMIF(Ergebnisse_Roh!E$2:E$21,$B5,Punktematrix!$B$2:$B$21) -> 0 | F5: =SUMIF(Ergebnisse_Roh!F$2:F$21,$B5,Punktematrix!$B$2:$B$21) -> 0 | G5: =SUMIF(Ergebnisse_Roh!G$2:G$21,$B5,Punktematrix!$B$2:$B$21) -> 0 | H5: =SUMIF(Ergebnisse_Roh!H$2:H$21,$B5,Punktematrix!$B$2:$B$21) -> 7 | I5: =SUMIF(Ergebnisse_Roh!I$2:I$21,$B5,Punktematrix!$B$2:$B$21) -> 0 | J5: =SUMIF(Ergebnisse_Roh!J$2:J$21,$B5,Punktematrix!$B$2:$B$21) -> 0 | K5: =SUMIF(Ergebnisse_Roh!K$2:K$21,$B5,Punktematrix!$B$2:$B$21) -> 0
A6: Reto | B6: =Startlist2026!D69 -> GannaFilippoNetcompany INEOS | C6: =SUMIF(Ergebnisse_Roh!C$2:C$21,$B6,Punktematrix!$B$2:$B$21) -> 20 | D6: =SUMIF(Ergebnisse_Roh!D$2:D$21,$B6,Punktematrix!$B$2:$B$21) -> 0 | E6: =SUMIF(Ergebnisse_Roh!E$2:E$21,$B6,Punktematrix!$B$2:$B$21) -> 0 | F6: =SUMIF(Ergebnisse_Roh!F$2:F$21,$B6,Punktematrix!$B$2:$B$21) -> 0 | G6: =SUMIF(Ergebnisse_Roh!G$2:G$21,$B6,Punktematrix!$B$2:$B$21) -> 0 | H6: =SUMIF(Ergebnisse_Roh!H$2:H$21,$B6,Punktematrix!$B$2:$B$21) -> 0 | I6: =SUMIF(Ergebnisse_Roh!I$2:I$21,$B6,Punktematrix!$B$2:$B$21) -> 0 | J6: =SUMIF(Ergebnisse_Roh!J$2:J$21,$B6,Punktematrix!$B$2:$B$21) -> 0 | K6: =SUMIF(Ergebnisse_Roh!K$2:K$21,$B6,Punktematrix!$B$2:$B$21) -> 11
A7: Reto | B7: =Startlist2026!D34 -> CarapazRichardEF Education - EasyPost | C7: =SUMIF(Ergebnisse_Roh!C$2:C$21,$B7,Punktematrix!$B$2:$B$21) -> 0 | D7: =SUMIF(Ergebnisse_Roh!D$2:D$21,$B7,Punktematrix!$B$2:$B$21) -> 2 | E7: =SUMIF(Ergebnisse_Roh!E$2:E$21,$B7,Punktematrix!$B$2:$B$21) -> 15 | F7: =SUMIF(Ergebnisse_Roh!F$2:F$21,$B7,Punktematrix!$B$2:$B$21) -> 0 | G7: =SUMIF(Ergebnisse_Roh!G$2:G$21,$B7,Punktematrix!$B$2:$B$21) -> 0 | H7: =SUMIF(Ergebnisse_Roh!H$2:H$21,$B7,Punktematrix!$B$2:$B$21) -> 0 | I7: =SUMIF(Ergebnisse_Roh!I$2:I$21,$B7,Punktematrix!$B$2:$B$21) -> 0 | J7: =SUMIF(Ergebnisse_Roh!J$2:J$21,$B7,Punktematrix!$B$2:$B$21) -> 0 | K7: =SUMIF(Ergebnisse_Roh!K$2:K$21,$B7,Punktematrix!$B$2:$B$21) -> 0
A8: Reto | B8: =Startlist2026!D42 -> SeixasPaulDecathlon CMA CGM Team | C8: =SUMIF(Ergebnisse_Roh!C$2:C$21,$B8,Punktematrix!$B$2:$B$21) -> 7 | D8: =SUMIF(Ergebnisse_Roh!D$2:D$21,$B8,Punktematrix!$B$2:$B$21) -> 8 | E8: =SUMIF(Ergebnisse_Roh!E$2:E$21,$B8,Punktematrix!$B$2:$B$21) -> 12 | F8: =SUMIF(Ergebnisse_Roh!F$2:F$21,$B8,Punktematrix!$B$2:$B$21) -> 0 | G8: =SUMIF(Ergebnisse_Roh!G$2:G$21,$B8,Punktematrix!$B$2:$B$21) -> 0 | H8: =SUMIF(Ergebnisse_Roh!H$2:H$21,$B8,Punktematrix!$B$2:$B$21) -> 11 | I8: =SUMIF(Ergebnisse_Roh!I$2:I$21,$B8,Punktematrix!$B$2:$B$21) -> 0 | J8: =SUMIF(Ergebnisse_Roh!J$2:J$21,$B8,Punktematrix!$B$2:$B$21) -> 0 | K8: =SUMIF(Ergebnisse_Roh!K$2:K$21,$B8,Punktematrix!$B$2:$B$21) -> 0
A9: Reto | B9: =Startlist2026!D53 -> KanterMaxXDS Astana Team | C9: =SUMIF(Ergebnisse_Roh!C$2:C$21,$B9,Punktematrix!$B$2:$B$21) -> 0 | D9: =SUMIF(Ergebnisse_Roh!D$2:D$21,$B9,Punktematrix!$B$2:$B$21) -> 0 | E9: =SUMIF(Ergebnisse_Roh!E$2:E$21,$B9,Punktematrix!$B$2:$B$21) -> 0 | F9: =SUMIF(Ergebnisse_Roh!F$2:F$21,$B9,Punktematrix!$B$2:$B$21) -> 0 | G9: =SUMIF(Ergebnisse_Roh!G$2:G$21,$B9,Punktematrix!$B$2:$B$21) -> 20 | H9: =SUMIF(Ergebnisse_Roh!H$2:H$21,$B9,Punktematrix!$B$2:$B$21) -> 0 | I9: =SUMIF(Ergebnisse_Roh!I$2:I$21,$B9,Punktematrix!$B$2:$B$21) -> 12 | J9: =SUMIF(Ergebnisse_Roh!J$2:J$21,$B9,Punktematrix!$B$2:$B$21) -> 7 | K9: =SUMIF(Ergebnisse_Roh!K$2:K$21,$B9,Punktematrix!$B$2:$B$21) -> 0
A10: Reto | B10: =Startlist2026!D86 -> PhilipsenJasperAlpecin - Premier Tech | C10: =SUMIF(Ergebnisse_Roh!C$2:C$21,$B10,Punktematrix!$B$2:$B$21) -> 0 | D10: =SUMIF(Ergebnisse_Roh!D$2:D$21,$B10,Punktematrix!$B$2:$B$21) -> 0 | E10: =SUMIF(Ergebnisse_Roh!E$2:E$21,$B10,Punktematrix!$B$2:$B$21) -> 0 | F10: =SUMIF(Ergebnisse_Roh!F$2:F$21,$B10,Punktematrix!$B$2:$B$21) -> 0 | G10: =SUMIF(Ergebnisse_Roh!G$2:G$21,$B10,Punktematrix!$B$2:$B$21) -> 11 | H10: =SUMIF(Ergebnisse_Roh!H$2:H$21,$B10,Punktematrix!$B$2:$B$21) -> 0 | I10: =SUMIF(Ergebnisse_Roh!I$2:I$21,$B10,Punktematrix!$B$2:$B$21) -> 11 | J10: =SUMIF(Ergebnisse_Roh!J$2:J$21,$B10,Punktematrix!$B$2:$B$21) -> 12 | K10: =SUMIF(Ergebnisse_Roh!K$2:K$21,$B10,Punktematrix!$B$2:$B$21) -> 0
A11: Reto | B11: =Startlist2026!D74 -> MerlierTimSoudal Quick-Step | C11: =SUMIF(Ergebnisse_Roh!C$2:C$21,$B11,Punktematrix!$B$2:$B$21) -> 0 | D11: =SUMIF(Ergebnisse_Roh!D$2:D$21,$B11,Punktematrix!$B$2:$B$21) -> 0 | E11: =SUMIF(Ergebnisse_Roh!E$2:E$21,$B11,Punktematrix!$B$2:$B$21) -> 0 | F11: =SUMIF(Ergebnisse_Roh!F$2:F$21,$B11,Punktematrix!$B$2:$B$21) -> 0 | G11: =SUMIF(Ergebnisse_Roh!G$2:G$21,$B11,Punktematrix!$B$2:$B$21) -> 15 | H11: =SUMIF(Ergebnisse_Roh!H$2:H$21,$B11,Punktematrix!$B$2:$B$21) -> 0 | I11: =SUMIF(Ergebnisse_Roh!I$2:I$21,$B11,Punktematrix!$B$2:$B$21) -> 25 | J11: =SUMIF(Ergebnisse_Roh!J$2:J$21,$B11,Punktematrix!$B$2:$B$21) -> 25 | K11: =SUMIF(Ergebnisse_Roh!K$2:K$21,$B11,Punktematrix!$B$2:$B$21) -> 0
A12: Reto | B12: =Startlist2026!D30 -> SkjelmoseMattiasLidl - Trek | C12: =SUMIF(Ergebnisse_Roh!C$2:C$21,$B12,Punktematrix!$B$2:$B$21) -> 0 | D12: =SUMIF(Ergebnisse_Roh!D$2:D$21,$B12,Punktematrix!$B$2:$B$21) -> 11 | E12: =SUMIF(Ergebnisse_Roh!E$2:E$21,$B12,Punktematrix!$B$2:$B$21) -> 5 | F12: =SUMIF(Ergebnisse_Roh!F$2:F$21,$B12,Punktematrix!$B$2:$B$21) -> 0 | G12: =SUMIF(Ergebnisse_Roh!G$2:G$21,$B12,Punktematrix!$B$2:$B$21) -> 0 | H12: =SUMIF(Ergebnisse_Roh!H$2:H$21,$B12,Punktematrix!$B$2:$B$21) -> 8 | I12: =SUMIF(Ergebnisse_Roh!I$2:I$21,$B12,Punktematrix!$B$2:$B$21) -> 0 | J12: =SUMIF(Ergebnisse_Roh!J$2:J$21,$B12,Punktematrix!$B$2:$B$21) -> 0 | K12: =SUMIF(Ergebnisse_Roh!K$2:K$21,$B12,Punktematrix!$B$2:$B$21) -> 0
A13: Reto | B13: =Startlist2026!E18 -> Red Bull - BORA - hansgrohe | C13: =SUMIF(Ergebnisse_Roh!C$2:C$21,$B13,Punktematrix!$B$2:$B$21) -> 0 | D13: =SUMIF(Ergebnisse_Roh!D$2:D$21,$B13,Punktematrix!$B$2:$B$21) -> 0 | E13: =SUMIF(Ergebnisse_Roh!E$2:E$21,$B13,Punktematrix!$B$2:$B$21) -> 0 | F13: =SUMIF(Ergebnisse_Roh!F$2:F$21,$B13,Punktematrix!$B$2:$B$21) -> 0 | G13: =SUMIF(Ergebnisse_Roh!G$2:G$21,$B13,Punktematrix!$B$2:$B$21) -> 0 | H13: =SUMIF(Ergebnisse_Roh!H$2:H$21,$B13,Punktematrix!$B$2:$B$21) -> 0 | I13: =SUMIF(Ergebnisse_Roh!I$2:I$21,$B13,Punktematrix!$B$2:$B$21) -> 0 | J13: =SUMIF(Ergebnisse_Roh!J$2:J$21,$B13,Punktematrix!$B$2:$B$21) -> 0 | K13: =SUMIF(Ergebnisse_Roh!K$2:K$21,$B13,Punktematrix!$B$2:$B$21) -> 0
A14: Nora | B14: =Startlist2026!D2 -> PogačarTadejUAE Team Emirates - XRG | C14: =SUMIF(Ergebnisse_Roh!C$2:C$21,$B14,Punktematrix!$B$2:$B$21) -> 17 | D14: =SUMIF(Ergebnisse_Roh!D$2:D$21,$B14,Punktematrix!$B$2:$B$21) -> 20 | E14: =SUMIF(Ergebnisse_Roh!E$2:E$21,$B14,Punktematrix!$B$2:$B$21) -> 30 | F14: =SUMIF(Ergebnisse_Roh!F$2:F$21,$B14,Punktematrix!$B$2:$B$21) -> 0 | G14: =SUMIF(Ergebnisse_Roh!G$2:G$21,$B14,Punktematrix!$B$2:$B$21) -> 0 | H14: =SUMIF(Ergebnisse_Roh!H$2:H$21,$B14,Punktematrix!$B$2:$B$21) -> 30 | I14: =SUMIF(Ergebnisse_Roh!I$2:I$21,$B14,Punktematrix!$B$2:$B$21) -> 5 | J14: =SUMIF(Ergebnisse_Roh!J$2:J$21,$B14,Punktematrix!$B$2:$B$21) -> 5 | K14: =SUMIF(Ergebnisse_Roh!K$2:K$21,$B14,Punktematrix!$B$2:$B$21) -> 10
A15: Nora | B15: =Startlist2026!D82 -> van der PoelMathieuAlpecin - Premier Tech | C15: =SUMIF(Ergebnisse_Roh!C$2:C$21,$B15,Punktematrix!$B$2:$B$21) -> 5 | D15: =SUMIF(Ergebnisse_Roh!D$2:D$21,$B15,Punktematrix!$B$2:$B$21) -> 0 | E15: =SUMIF(Ergebnisse_Roh!E$2:E$21,$B15,Punktematrix!$B$2:$B$21) -> 0 | F15: =SUMIF(Ergebnisse_Roh!F$2:F$21,$B15,Punktematrix!$B$2:$B$21) -> 0 | G15: =SUMIF(Ergebnisse_Roh!G$2:G$21,$B15,Punktematrix!$B$2:$B$21) -> 0 | H15: =SUMIF(Ergebnisse_Roh!H$2:H$21,$B15,Punktematrix!$B$2:$B$21) -> 0 | I15: =SUMIF(Ergebnisse_Roh!I$2:I$21,$B15,Punktematrix!$B$2:$B$21) -> 0 | J15: =SUMIF(Ergebnisse_Roh!J$2:J$21,$B15,Punktematrix!$B$2:$B$21) -> 1 | K15: =SUMIF(Ergebnisse_Roh!K$2:K$21,$B15,Punktematrix!$B$2:$B$21) -> 25
A16: Nora | B16: =Startlist2026!D86 -> PhilipsenJasperAlpecin - Premier Tech | C16: =SUMIF(Ergebnisse_Roh!C$2:C$21,$B16,Punktematrix!$B$2:$B$21) -> 0 | D16: =SUMIF(Ergebnisse_Roh!D$2:D$21,$B16,Punktematrix!$B$2:$B$21) -> 0 | E16: =SUMIF(Ergebnisse_Roh!E$2:E$21,$B16,Punktematrix!$B$2:$B$21) -> 0 | F16: =SUMIF(Ergebnisse_Roh!F$2:F$21,$B16,Punktematrix!$B$2:$B$21) -> 0 | G16: =SUMIF(Ergebnisse_Roh!G$2:G$21,$B16,Punktematrix!$B$2:$B$21) -> 11 | H16: =SUMIF(Ergebnisse_Roh!H$2:H$21,$B16,Punktematrix!$B$2:$B$21) -> 0 | I16: =SUMIF(Ergebnisse_Roh!I$2:I$21,$B16,Punktematrix!$B$2:$B$21) -> 11 | J16: =SUMIF(Ergebnisse_Roh!J$2:J$21,$B16,Punktematrix!$B$2:$B$21) -> 12 | K16: =SUMIF(Ergebnisse_Roh!K$2:K$21,$B16,Punktematrix!$B$2:$B$21) -> 0
A17: Nora | B17: =Startlist2026!D42 -> SeixasPaulDecathlon CMA CGM Team | C17: =SUMIF(Ergebnisse_Roh!C$2:C$21,$B17,Punktematrix!$B$2:$B$21) -> 7 | D17: =SUMIF(Ergebnisse_Roh!D$2:D$21,$B17,Punktematrix!$B$2:$B$21) -> 8 | E17: =SUMIF(Ergebnisse_Roh!E$2:E$21,$B17,Punktematrix!$B$2:$B$21) -> 12 | F17: =SUMIF(Ergebnisse_Roh!F$2:F$21,$B17,Punktematrix!$B$2:$B$21) -> 0 | G17: =SUMIF(Ergebnisse_Roh!G$2:G$21,$B17,Punktematrix!$B$2:$B$21) -> 0 | H17: =SUMIF(Ergebnisse_Roh!H$2:H$21,$B17,Punktematrix!$B$2:$B$21) -> 11 | I17: =SUMIF(Ergebnisse_Roh!I$2:I$21,$B17,Punktematrix!$B$2:$B$21) -> 0 | J17: =SUMIF(Ergebnisse_Roh!J$2:J$21,$B17,Punktematrix!$B$2:$B$21) -> 0 | K17: =SUMIF(Ergebnisse_Roh!K$2:K$21,$B17,Punktematrix!$B$2:$B$21) -> 0
A18: Nora | B18: =Startlist2026!E2 -> UAE Team Emirates - XRG | C18: =SUMIF(Ergebnisse_Roh!C$2:C$21,$B18,Punktematrix!$B$2:$B$21) -> 0 | D18: =SUMIF(Ergebnisse_Roh!D$2:D$21,$B18,Punktematrix!$B$2:$B$21) -> 2 | E18: =SUMIF(Ergebnisse_Roh!E$2:E$21,$B18,Punktematrix!$B$2:$B$21) -> 2 | F18: =SUMIF(Ergebnisse_Roh!F$2:F$21,$B18,Punktematrix!$B$2:$B$21) -> 0 | G18: =SUMIF(Ergebnisse_Roh!G$2:G$21,$B18,Punktematrix!$B$2:$B$21) -> 0 | H18: =SUMIF(Ergebnisse_Roh!H$2:H$21,$B18,Punktematrix!$B$2:$B$21) -> 2 | I18: =SUMIF(Ergebnisse_Roh!I$2:I$21,$B18,Punktematrix!$B$2:$B$21) -> 0 | J18: =SUMIF(Ergebnisse_Roh!J$2:J$21,$B18,Punktematrix!$B$2:$B$21) -> 0 | K18: =SUMIF(Ergebnisse_Roh!K$2:K$21,$B18,Punktematrix!$B$2:$B$21) -> 0
A19: Nora | B19: =Startlist2026!D9 -> YatesAdamUAE Team Emirates - XRG | C19: =SUMIF(Ergebnisse_Roh!C$2:C$21,$B19,Punktematrix!$B$2:$B$21) -> 0 | D19: =SUMIF(Ergebnisse_Roh!D$2:D$21,$B19,Punktematrix!$B$2:$B$21) -> 0 | E19: =SUMIF(Ergebnisse_Roh!E$2:E$21,$B19,Punktematrix!$B$2:$B$21) -> 0 | F19: =SUMIF(Ergebnisse_Roh!F$2:F$21,$B19,Punktematrix!$B$2:$B$21) -> 0 | G19: =SUMIF(Ergebnisse_Roh!G$2:G$21,$B19,Punktematrix!$B$2:$B$21) -> 0 | H19: =SUMIF(Ergebnisse_Roh!H$2:H$21,$B19,Punktematrix!$B$2:$B$21) -> 0 | I19: =SUMIF(Ergebnisse_Roh!I$2:I$21,$B19,Punktematrix!$B$2:$B$21) -> 0 | J19: =SUMIF(Ergebnisse_Roh!J$2:J$21,$B19,Punktematrix!$B$2:$B$21) -> 0 | K19: =SUMIF(Ergebnisse_Roh!K$2:K$21,$B19,Punktematrix!$B$2:$B$21) -> 0
A20: Nora | B20: =Startlist2026!D122 -> De LieArnaudLotto Intermarché | C20: =SUMIF(Ergebnisse_Roh!C$2:C$21,$B20,Punktematrix!$B$2:$B$21) -> 0 | D20: =SUMIF(Ergebnisse_Roh!D$2:D$21,$B20,Punktematrix!$B$2:$B$21) -> 0 | E20: =SUMIF(Ergebnisse_Roh!E$2:E$21,$B20,Punktematrix!$B$2:$B$21) -> 0 | F20: =SUMIF(Ergebnisse_Roh!F$2:F$21,$B20,Punktematrix!$B$2:$B$21) -> 0 | G20: =SUMIF(Ergebnisse_Roh!G$2:G$21,$B20,Punktematrix!$B$2:$B$21) -> 0 | H20: =SUMIF(Ergebnisse_Roh!H$2:H$21,$B20,Punktematrix!$B$2:$B$21) -> 0 | I20: =SUMIF(Ergebnisse_Roh!I$2:I$21,$B20,Punktematrix!$B$2:$B$21) -> 0 | J20: =SUMIF(Ergebnisse_Roh!J$2:J$21,$B20,Punktematrix!$B$2:$B$21) -> 0 | K20: =SUMIF(Ergebnisse_Roh!K$2:K$21,$B20,Punktematrix!$B$2:$B$21) -> 0
A21: Nora | B21: =Startlist2026!D13 -> CampenaertsVictorTeam Visma | Lease a Bike | C21: =SUMIF(Ergebnisse_Roh!C$2:C$21,$B21,Punktematrix!$B$2:$B$21) -> 0 | D21: =SUMIF(Ergebnisse_Roh!D$2:D$21,$B21,Punktematrix!$B$2:$B$21) -> 0 | E21: =SUMIF(Ergebnisse_Roh!E$2:E$21,$B21,Punktematrix!$B$2:$B$21) -> 0 | F21: =SUMIF(Ergebnisse_Roh!F$2:F$21,$B21,Punktematrix!$B$2:$B$21) -> 0 | G21: =SUMIF(Ergebnisse_Roh!G$2:G$21,$B21,Punktematrix!$B$2:$B$21) -> 0 | H21: =SUMIF(Ergebnisse_Roh!H$2:H$21,$B21,Punktematrix!$B$2:$B$21) -> 0 | I21: =SUMIF(Ergebnisse_Roh!I$2:I$21,$B21,Punktematrix!$B$2:$B$21) -> 0 | J21: =SUMIF(Ergebnisse_Roh!J$2:J$21,$B21,Punktematrix!$B$2:$B$21) -> 0 | K21: =SUMIF(Ergebnisse_Roh!K$2:K$21,$B21,Punktematrix!$B$2:$B$21) -> 0
A22: Nora | B22: =Startlist2026!D10 -> VingegaardJonasTeam Visma | Lease a Bike | C22: =SUMIF(Ergebnisse_Roh!C$2:C$21,$B22,Punktematrix!$B$2:$B$21) -> 28 | D22: =SUMIF(Ergebnisse_Roh!D$2:D$21,$B22,Punktematrix!$B$2:$B$21) -> 15 | E22: =SUMIF(Ergebnisse_Roh!E$2:E$21,$B22,Punktematrix!$B$2:$B$21) -> 20 | F22: =SUMIF(Ergebnisse_Roh!F$2:F$21,$B22,Punktematrix!$B$2:$B$21) -> 0 | G22: =SUMIF(Ergebnisse_Roh!G$2:G$21,$B22,Punktematrix!$B$2:$B$21) -> 0 | H22: =SUMIF(Ergebnisse_Roh!H$2:H$21,$B22,Punktematrix!$B$2:$B$21) -> 20 | I22: =SUMIF(Ergebnisse_Roh!I$2:I$21,$B22,Punktematrix!$B$2:$B$21) -> 0 | J22: =SUMIF(Ergebnisse_Roh!J$2:J$21,$B22,Punktematrix!$B$2:$B$21) -> 0 | K22: =SUMIF(Ergebnisse_Roh!K$2:K$21,$B22,Punktematrix!$B$2:$B$21) -> 0
A23: Nora | B23: =Startlist2026!D67 -> ArensmanThymenNetcompany INEOS | C23: =SUMIF(Ergebnisse_Roh!C$2:C$21,$B23,Punktematrix!$B$2:$B$21) -> 0 | D23: =SUMIF(Ergebnisse_Roh!D$2:D$21,$B23,Punktematrix!$B$2:$B$21) -> 0 | E23: =SUMIF(Ergebnisse_Roh!E$2:E$21,$B23,Punktematrix!$B$2:$B$21) -> 0 | F23: =SUMIF(Ergebnisse_Roh!F$2:F$21,$B23,Punktematrix!$B$2:$B$21) -> 0 | G23: =SUMIF(Ergebnisse_Roh!G$2:G$21,$B23,Punktematrix!$B$2:$B$21) -> 0 | H23: =SUMIF(Ergebnisse_Roh!H$2:H$21,$B23,Punktematrix!$B$2:$B$21) -> 0 | I23: =SUMIF(Ergebnisse_Roh!I$2:I$21,$B23,Punktematrix!$B$2:$B$21) -> 0 | J23: =SUMIF(Ergebnisse_Roh!J$2:J$21,$B23,Punktematrix!$B$2:$B$21) -> 0 | K23: =SUMIF(Ergebnisse_Roh!K$2:K$21,$B23,Punktematrix!$B$2:$B$21) -> 0
A24: Chrysli | B24: =Startlist2026!D22 -> LipowitzFlorianRed Bull - BORA - hansgrohe | C24: =SUMIF(Ergebnisse_Roh!C$2:C$21,$B24,Punktematrix!$B$2:$B$21) -> 8 | D24: =SUMIF(Ergebnisse_Roh!D$2:D$21,$B24,Punktematrix!$B$2:$B$21) -> 0 | E24: =SUMIF(Ergebnisse_Roh!E$2:E$21,$B24,Punktematrix!$B$2:$B$21) -> 9 | F24: =SUMIF(Ergebnisse_Roh!F$2:F$21,$B24,Punktematrix!$B$2:$B$21) -> 0 | G24: =SUMIF(Ergebnisse_Roh!G$2:G$21,$B24,Punktematrix!$B$2:$B$21) -> 0 | H24: =SUMIF(Ergebnisse_Roh!H$2:H$21,$B24,Punktematrix!$B$2:$B$21) -> 10 | I24: =SUMIF(Ergebnisse_Roh!I$2:I$21,$B24,Punktematrix!$B$2:$B$21) -> 0 | J24: =SUMIF(Ergebnisse_Roh!J$2:J$21,$B24,Punktematrix!$B$2:$B$21) -> 0 | K24: =SUMIF(Ergebnisse_Roh!K$2:K$21,$B24,Punktematrix!$B$2:$B$21) -> 0
A25: Chrysli | B25: =Startlist2026!D42 -> SeixasPaulDecathlon CMA CGM Team | C25: =SUMIF(Ergebnisse_Roh!C$2:C$21,$B25,Punktematrix!$B$2:$B$21) -> 7 | D25: =SUMIF(Ergebnisse_Roh!D$2:D$21,$B25,Punktematrix!$B$2:$B$21) -> 8 | E25: =SUMIF(Ergebnisse_Roh!E$2:E$21,$B25,Punktematrix!$B$2:$B$21) -> 12 | F25: =SUMIF(Ergebnisse_Roh!F$2:F$21,$B25,Punktematrix!$B$2:$B$21) -> 0 | G25: =SUMIF(Ergebnisse_Roh!G$2:G$21,$B25,Punktematrix!$B$2:$B$21) -> 0 | H25: =SUMIF(Ergebnisse_Roh!H$2:H$21,$B25,Punktematrix!$B$2:$B$21) -> 11 | I25: =SUMIF(Ergebnisse_Roh!I$2:I$21,$B25,Punktematrix!$B$2:$B$21) -> 0 | J25: =SUMIF(Ergebnisse_Roh!J$2:J$21,$B25,Punktematrix!$B$2:$B$21) -> 0 | K25: =SUMIF(Ergebnisse_Roh!K$2:K$21,$B25,Punktematrix!$B$2:$B$21) -> 0
A26: Chrysli | B26: =Startlist2026!D5 -> McNultyBrandonUAE Team Emirates - XRG | C26: =SUMIF(Ergebnisse_Roh!C$2:C$21,$B26,Punktematrix!$B$2:$B$21) -> 0 | D26: =SUMIF(Ergebnisse_Roh!D$2:D$21,$B26,Punktematrix!$B$2:$B$21) -> 0 | E26: =SUMIF(Ergebnisse_Roh!E$2:E$21,$B26,Punktematrix!$B$2:$B$21) -> 0 | F26: =SUMIF(Ergebnisse_Roh!F$2:F$21,$B26,Punktematrix!$B$2:$B$21) -> 0 | G26: =SUMIF(Ergebnisse_Roh!G$2:G$21,$B26,Punktematrix!$B$2:$B$21) -> 0 | H26: =SUMIF(Ergebnisse_Roh!H$2:H$21,$B26,Punktematrix!$B$2:$B$21) -> 0 | I26: =SUMIF(Ergebnisse_Roh!I$2:I$21,$B26,Punktematrix!$B$2:$B$21) -> 0 | J26: =SUMIF(Ergebnisse_Roh!J$2:J$21,$B26,Punktematrix!$B$2:$B$21) -> 0 | K26: =SUMIF(Ergebnisse_Roh!K$2:K$21,$B26,Punktematrix!$B$2:$B$21) -> 0
A27: Chrysli | B27: =Startlist2026!D24 -> van DijkeTimRed Bull - BORA - hansgrohe | C27: =SUMIF(Ergebnisse_Roh!C$2:C$21,$B27,Punktematrix!$B$2:$B$21) -> 0 | D27: =SUMIF(Ergebnisse_Roh!D$2:D$21,$B27,Punktematrix!$B$2:$B$21) -> 0 | E27: =SUMIF(Ergebnisse_Roh!E$2:E$21,$B27,Punktematrix!$B$2:$B$21) -> 0 | F27: =SUMIF(Ergebnisse_Roh!F$2:F$21,$B27,Punktematrix!$B$2:$B$21) -> 0 | G27: =SUMIF(Ergebnisse_Roh!G$2:G$21,$B27,Punktematrix!$B$2:$B$21) -> 0 | H27: =SUMIF(Ergebnisse_Roh!H$2:H$21,$B27,Punktematrix!$B$2:$B$21) -> 0 | I27: =SUMIF(Ergebnisse_Roh!I$2:I$21,$B27,Punktematrix!$B$2:$B$21) -> 0 | J27: =SUMIF(Ergebnisse_Roh!J$2:J$21,$B27,Punktematrix!$B$2:$B$21) -> 0 | K27: =SUMIF(Ergebnisse_Roh!K$2:K$21,$B27,Punktematrix!$B$2:$B$21) -> 0
A28: Chrysli | B28: =Startlist2026!D114 -> UijtdebroeksCianMovistar Team | C28: =SUMIF(Ergebnisse_Roh!C$2:C$21,$B28,Punktematrix!$B$2:$B$21) -> 0 | D28: =SUMIF(Ergebnisse_Roh!D$2:D$21,$B28,Punktematrix!$B$2:$B$21) -> 0 | E28: =SUMIF(Ergebnisse_Roh!E$2:E$21,$B28,Punktematrix!$B$2:$B$21) -> 0 | F28: =SUMIF(Ergebnisse_Roh!F$2:F$21,$B28,Punktematrix!$B$2:$B$21) -> 0 | G28: =SUMIF(Ergebnisse_Roh!G$2:G$21,$B28,Punktematrix!$B$2:$B$21) -> 0 | H28: =SUMIF(Ergebnisse_Roh!H$2:H$21,$B28,Punktematrix!$B$2:$B$21) -> 0 | I28: =SUMIF(Ergebnisse_Roh!I$2:I$21,$B28,Punktematrix!$B$2:$B$21) -> 0 | J28: =SUMIF(Ergebnisse_Roh!J$2:J$21,$B28,Punktematrix!$B$2:$B$21) -> 0 | K28: =SUMIF(Ergebnisse_Roh!K$2:K$21,$B28,Punktematrix!$B$2:$B$21) -> 0
A29: Chrysli | B29: =Startlist2026!D83 -> DebruyneRamsesAlpecin - Premier Tech | C29: =SUMIF(Ergebnisse_Roh!C$2:C$21,$B29,Punktematrix!$B$2:$B$21) -> 0 | D29: =SUMIF(Ergebnisse_Roh!D$2:D$21,$B29,Punktematrix!$B$2:$B$21) -> 0 | E29: =SUMIF(Ergebnisse_Roh!E$2:E$21,$B29,Punktematrix!$B$2:$B$21) -> 0 | F29: =SUMIF(Ergebnisse_Roh!F$2:F$21,$B29,Punktematrix!$B$2:$B$21) -> 11 | G29: =SUMIF(Ergebnisse_Roh!G$2:G$21,$B29,Punktematrix!$B$2:$B$21) -> 0 | H29: =SUMIF(Ergebnisse_Roh!H$2:H$21,$B29,Punktematrix!$B$2:$B$21) -> 0 | I29: =SUMIF(Ergebnisse_Roh!I$2:I$21,$B29,Punktematrix!$B$2:$B$21) -> 0 | J29: =SUMIF(Ergebnisse_Roh!J$2:J$21,$B29,Punktematrix!$B$2:$B$21) -> 0 | K29: =SUMIF(Ergebnisse_Roh!K$2:K$21,$B29,Punktematrix!$B$2:$B$21) -> 0
A30: Chrysli | B30: =Startlist2026!D3 -> del ToroIsaacUAE Team Emirates - XRG | C30: =SUMIF(Ergebnisse_Roh!C$2:C$21,$B30,Punktematrix!$B$2:$B$21) -> 10 | D30: =SUMIF(Ergebnisse_Roh!D$2:D$21,$B30,Punktematrix!$B$2:$B$21) -> 29 | E30: =SUMIF(Ergebnisse_Roh!E$2:E$21,$B30,Punktematrix!$B$2:$B$21) -> 10 | F30: =SUMIF(Ergebnisse_Roh!F$2:F$21,$B30,Punktematrix!$B$2:$B$21) -> 0 | G30: =SUMIF(Ergebnisse_Roh!G$2:G$21,$B30,Punktematrix!$B$2:$B$21) -> 0 | H30: =SUMIF(Ergebnisse_Roh!H$2:H$21,$B30,Punktematrix!$B$2:$B$21) -> 17 | I30: =SUMIF(Ergebnisse_Roh!I$2:I$21,$B30,Punktematrix!$B$2:$B$21) -> 2 | J30: =SUMIF(Ergebnisse_Roh!J$2:J$21,$B30,Punktematrix!$B$2:$B$21) -> 2 | K30: =SUMIF(Ergebnisse_Roh!K$2:K$21,$B30,Punktematrix!$B$2:$B$21) -> 5
A31: Chrysli | B31: =Startlist2026!D59 -> BauhausPhilBahrain - Victorious | C31: =SUMIF(Ergebnisse_Roh!C$2:C$21,$B31,Punktematrix!$B$2:$B$21) -> 0 | D31: =SUMIF(Ergebnisse_Roh!D$2:D$21,$B31,Punktematrix!$B$2:$B$21) -> 0 | E31: =SUMIF(Ergebnisse_Roh!E$2:E$21,$B31,Punktematrix!$B$2:$B$21) -> 0 | F31: =SUMIF(Ergebnisse_Roh!F$2:F$21,$B31,Punktematrix!$B$2:$B$21) -> 0 | G31: =SUMIF(Ergebnisse_Roh!G$2:G$21,$B31,Punktematrix!$B$2:$B$21) -> 0 | H31: =SUMIF(Ergebnisse_Roh!H$2:H$21,$B31,Punktematrix!$B$2:$B$21) -> 0 | I31: =SUMIF(Ergebnisse_Roh!I$2:I$21,$B31,Punktematrix!$B$2:$B$21) -> 10 | J31: =SUMIF(Ergebnisse_Roh!J$2:J$21,$B31,Punktematrix!$B$2:$B$21) -> 0 | K31: =SUMIF(Ergebnisse_Roh!K$2:K$21,$B31,Punktematrix!$B$2:$B$21) -> 0
A32: Chrysli | B32: =Startlist2026!D6 -> PolittNilsUAE Team Emirates - XRG | C32: =SUMIF(Ergebnisse_Roh!C$2:C$21,$B32,Punktematrix!$B$2:$B$21) -> 0 | D32: =SUMIF(Ergebnisse_Roh!D$2:D$21,$B32,Punktematrix!$B$2:$B$21) -> 0 | E32: =SUMIF(Ergebnisse_Roh!E$2:E$21,$B32,Punktematrix!$B$2:$B$21) -> 0 | F32: =SUMIF(Ergebnisse_Roh!F$2:F$21,$B32,Punktematrix!$B$2:$B$21) -> 0 | G32: =SUMIF(Ergebnisse_Roh!G$2:G$21,$B32,Punktematrix!$B$2:$B$21) -> 0 | H32: =SUMIF(Ergebnisse_Roh!H$2:H$21,$B32,Punktematrix!$B$2:$B$21) -> 0 | I32: =SUMIF(Ergebnisse_Roh!I$2:I$21,$B32,Punktematrix!$B$2:$B$21) -> 0 | J32: =SUMIF(Ergebnisse_Roh!J$2:J$21,$B32,Punktematrix!$B$2:$B$21) -> 0 | K32: =SUMIF(Ergebnisse_Roh!K$2:K$21,$B32,Punktematrix!$B$2:$B$21) -> 0
A33: Chrysli | B33: =Startlist2026!D17 -> PiganzoliDavideTeam Visma | Lease a Bike | C33: =SUMIF(Ergebnisse_Roh!C$2:C$21,$B33,Punktematrix!$B$2:$B$21) -> 9 | D33: =SUMIF(Ergebnisse_Roh!D$2:D$21,$B33,Punktematrix!$B$2:$B$21) -> 0 | E33: =SUMIF(Ergebnisse_Roh!E$2:E$21,$B33,Punktematrix!$B$2:$B$21) -> 0 | F33: =SUMIF(Ergebnisse_Roh!F$2:F$21,$B33,Punktematrix!$B$2:$B$21) -> 0 | G33: =SUMIF(Ergebnisse_Roh!G$2:G$21,$B33,Punktematrix!$B$2:$B$21) -> 0 | H33: =SUMIF(Ergebnisse_Roh!H$2:H$21,$B33,Punktematrix!$B$2:$B$21) -> 0 | I33: =SUMIF(Ergebnisse_Roh!I$2:I$21,$B33,Punktematrix!$B$2:$B$21) -> 0 | J33: =SUMIF(Ergebnisse_Roh!J$2:J$21,$B33,Punktematrix!$B$2:$B$21) -> 0 | K33: =SUMIF(Ergebnisse_Roh!K$2:K$21,$B33,Punktematrix!$B$2:$B$21) -> 0
A34: Chrysli | B34: =Startlist2026!D86 -> PhilipsenJasperAlpecin - Premier Tech | C34: =SUMIF(Ergebnisse_Roh!C$2:C$21,$B34,Punktematrix!$B$2:$B$21) -> 0 | D34: =SUMIF(Ergebnisse_Roh!D$2:D$21,$B34,Punktematrix!$B$2:$B$21) -> 0 | E34: =SUMIF(Ergebnisse_Roh!E$2:E$21,$B34,Punktematrix!$B$2:$B$21) -> 0 | F34: =SUMIF(Ergebnisse_Roh!F$2:F$21,$B34,Punktematrix!$B$2:$B$21) -> 0 | G34: =SUMIF(Ergebnisse_Roh!G$2:G$21,$B34,Punktematrix!$B$2:$B$21) -> 11 | H34: =SUMIF(Ergebnisse_Roh!H$2:H$21,$B34,Punktematrix!$B$2:$B$21) -> 0 | I34: =SUMIF(Ergebnisse_Roh!I$2:I$21,$B34,Punktematrix!$B$2:$B$21) -> 11 | J34: =SUMIF(Ergebnisse_Roh!J$2:J$21,$B34,Punktematrix!$B$2:$B$21) -> 12 | K34: =SUMIF(Ergebnisse_Roh!K$2:K$21,$B34,Punktematrix!$B$2:$B$21) -> 0
A35: Chrysli | B35: van den BergJuliusTeam Picnic PostNL | C35: =SUMIF(Ergebnisse_Roh!C$2:C$21,$B35,Punktematrix!$B$2:$B$21) -> 0 | D35: =SUMIF(Ergebnisse_Roh!D$2:D$21,$B35,Punktematrix!$B$2:$B$21) -> 0 | E35: =SUMIF(Ergebnisse_Roh!E$2:E$21,$B35,Punktematrix!$B$2:$B$21) -> 0 | F35: =SUMIF(Ergebnisse_Roh!F$2:F$21,$B35,Punktematrix!$B$2:$B$21) -> 0 | G35: =SUMIF(Ergebnisse_Roh!G$2:G$21,$B35,Punktematrix!$B$2:$B$21) -> 0 | H35: =SUMIF(Ergebnisse_Roh!H$2:H$21,$B35,Punktematrix!$B$2:$B$21) -> 0 | I35: =SUMIF(Ergebnisse_Roh!I$2:I$21,$B35,Punktematrix!$B$2:$B$21) -> 0 | J35: =SUMIF(Ergebnisse_Roh!J$2:J$21,$B35,Punktematrix!$B$2:$B$21) -> 0 | K35: =SUMIF(Ergebnisse_Roh!K$2:K$21,$B35,Punktematrix!$B$2:$B$21) -> 0
A36: Chrysli | B36: VermeerschFlorianUAE Team Emirates - XRG | C36: =SUMIF(Ergebnisse_Roh!C$2:C$21,$B36,Punktematrix!$B$2:$B$21) -> 0 | D36: =SUMIF(Ergebnisse_Roh!D$2:D$21,$B36,Punktematrix!$B$2:$B$21) -> 0 | E36: =SUMIF(Ergebnisse_Roh!E$2:E$21,$B36,Punktematrix!$B$2:$B$21) -> 0 | F36: =SUMIF(Ergebnisse_Roh!F$2:F$21,$B36,Punktematrix!$B$2:$B$21) -> 0 | G36: =SUMIF(Ergebnisse_Roh!G$2:G$21,$B36,Punktematrix!$B$2:$B$21) -> 0 | H36: =SUMIF(Ergebnisse_Roh!H$2:H$21,$B36,Punktematrix!$B$2:$B$21) -> 0 | I36: =SUMIF(Ergebnisse_Roh!I$2:I$21,$B36,Punktematrix!$B$2:$B$21) -> 0 | J36: =SUMIF(Ergebnisse_Roh!J$2:J$21,$B36,Punktematrix!$B$2:$B$21) -> 0 | K36: =SUMIF(Ergebnisse_Roh!K$2:K$21,$B36,Punktematrix!$B$2:$B$21) -> 0
A37: Chrysli | B37: O'ConnorBenTeam Jayco AlUla | C37: =SUMIF(Ergebnisse_Roh!C$2:C$21,$B37,Punktematrix!$B$2:$B$21) -> 0 | D37: =SUMIF(Ergebnisse_Roh!D$2:D$21,$B37,Punktematrix!$B$2:$B$21) -> 0 | E37: =SUMIF(Ergebnisse_Roh!E$2:E$21,$B37,Punktematrix!$B$2:$B$21) -> 0 | F37: =SUMIF(Ergebnisse_Roh!F$2:F$21,$B37,Punktematrix!$B$2:$B$21) -> 0 | G37: =SUMIF(Ergebnisse_Roh!G$2:G$21,$B37,Punktematrix!$B$2:$B$21) -> 0 | H37: =SUMIF(Ergebnisse_Roh!H$2:H$21,$B37,Punktematrix!$B$2:$B$21) -> 0 | I37: =SUMIF(Ergebnisse_Roh!I$2:I$21,$B37,Punktematrix!$B$2:$B$21) -> 0 | J37: =SUMIF(Ergebnisse_Roh!J$2:J$21,$B37,Punktematrix!$B$2:$B$21) -> 0 | K37: =SUMIF(Ergebnisse_Roh!K$2:K$21,$B37,Punktematrix!$B$2:$B$21) -> 0
A38: Chrysli | B38: JorgensonMatteoTeam Visma | Lease a Bike | C38: =SUMIF(Ergebnisse_Roh!C$2:C$21,$B38,Punktematrix!$B$2:$B$21) -> 0 | D38: =SUMIF(Ergebnisse_Roh!D$2:D$21,$B38,Punktematrix!$B$2:$B$21) -> 0 | E38: =SUMIF(Ergebnisse_Roh!E$2:E$21,$B38,Punktematrix!$B$2:$B$21) -> 0 | F38: =SUMIF(Ergebnisse_Roh!F$2:F$21,$B38,Punktematrix!$B$2:$B$21) -> 0 | G38: =SUMIF(Ergebnisse_Roh!G$2:G$21,$B38,Punktematrix!$B$2:$B$21) -> 0 | H38: =SUMIF(Ergebnisse_Roh!H$2:H$21,$B38,Punktematrix!$B$2:$B$21) -> 0 | I38: =SUMIF(Ergebnisse_Roh!I$2:I$21,$B38,Punktematrix!$B$2:$B$21) -> 0 | J38: =SUMIF(Ergebnisse_Roh!J$2:J$21,$B38,Punktematrix!$B$2:$B$21) -> 0 | K38: =SUMIF(Ergebnisse_Roh!K$2:K$21,$B38,Punktematrix!$B$2:$B$21) -> 0
A39: Chrysli | B39: Decathlon CMA CGM Team | C39: =SUMIF(Ergebnisse_Roh!C$2:C$21,$B39,Punktematrix!$B$2:$B$21) -> 0 | D39: =SUMIF(Ergebnisse_Roh!D$2:D$21,$B39,Punktematrix!$B$2:$B$21) -> 0 | E39: =SUMIF(Ergebnisse_Roh!E$2:E$21,$B39,Punktematrix!$B$2:$B$21) -> 0 | F39: =SUMIF(Ergebnisse_Roh!F$2:F$21,$B39,Punktematrix!$B$2:$B$21) -> 0 | G39: =SUMIF(Ergebnisse_Roh!G$2:G$21,$B39,Punktematrix!$B$2:$B$21) -> 0 | H39: =SUMIF(Ergebnisse_Roh!H$2:H$21,$B39,Punktematrix!$B$2:$B$21) -> 0 | I39: =SUMIF(Ergebnisse_Roh!I$2:I$21,$B39,Punktematrix!$B$2:$B$21) -> 0 | J39: =SUMIF(Ergebnisse_Roh!J$2:J$21,$B39,Punktematrix!$B$2:$B$21) -> 0 | K39: =SUMIF(Ergebnisse_Roh!K$2:K$21,$B39,Punktematrix!$B$2:$B$21) -> 0
A40: Rikki | B40: PogačarTadejUAE Team Emirates - XRG | C40: =SUMIF(Ergebnisse_Roh!C$2:C$21,$B40,Punktematrix!$B$2:$B$21) -> 17 | D40: =SUMIF(Ergebnisse_Roh!D$2:D$21,$B40,Punktematrix!$B$2:$B$21) -> 20 | E40: =SUMIF(Ergebnisse_Roh!E$2:E$21,$B40,Punktematrix!$B$2:$B$21) -> 30 | F40: =SUMIF(Ergebnisse_Roh!F$2:F$21,$B40,Punktematrix!$B$2:$B$21) -> 0 | G40: =SUMIF(Ergebnisse_Roh!G$2:G$21,$B40,Punktematrix!$B$2:$B$21) -> 0 | H40: =SUMIF(Ergebnisse_Roh!H$2:H$21,$B40,Punktematrix!$B$2:$B$21) -> 30 | I40: =SUMIF(Ergebnisse_Roh!I$2:I$21,$B40,Punktematrix!$B$2:$B$21) -> 5 | J40: =SUMIF(Ergebnisse_Roh!J$2:J$21,$B40,Punktematrix!$B$2:$B$21) -> 5 | K40: =SUMIF(Ergebnisse_Roh!K$2:K$21,$B40,Punktematrix!$B$2:$B$21) -> 10
A41: Rikki | B41: MartinezLennyBahrain - Victorious | C41: =SUMIF(Ergebnisse_Roh!C$2:C$21,$B41,Punktematrix!$B$2:$B$21) -> 1 | D41: =SUMIF(Ergebnisse_Roh!D$2:D$21,$B41,Punktematrix!$B$2:$B$21) -> 7 | E41: =SUMIF(Ergebnisse_Roh!E$2:E$21,$B41,Punktematrix!$B$2:$B$21) -> 3 | F41: =SUMIF(Ergebnisse_Roh!F$2:F$21,$B41,Punktematrix!$B$2:$B$21) -> 0 | G41: =SUMIF(Ergebnisse_Roh!G$2:G$21,$B41,Punktematrix!$B$2:$B$21) -> 0 | H41: =SUMIF(Ergebnisse_Roh!H$2:H$21,$B41,Punktematrix!$B$2:$B$21) -> 6 | I41: =SUMIF(Ergebnisse_Roh!I$2:I$21,$B41,Punktematrix!$B$2:$B$21) -> 0 | J41: =SUMIF(Ergebnisse_Roh!J$2:J$21,$B41,Punktematrix!$B$2:$B$21) -> 0 | K41: =SUMIF(Ergebnisse_Roh!K$2:K$21,$B41,Punktematrix!$B$2:$B$21) -> 0
A42: Rikki | B42: CastrilloPabloMovistar Team | C42: =SUMIF(Ergebnisse_Roh!C$2:C$21,$B42,Punktematrix!$B$2:$B$21) -> 0 | D42: =SUMIF(Ergebnisse_Roh!D$2:D$21,$B42,Punktematrix!$B$2:$B$21) -> 0 | E42: =SUMIF(Ergebnisse_Roh!E$2:E$21,$B42,Punktematrix!$B$2:$B$21) -> 0 | F42: =SUMIF(Ergebnisse_Roh!F$2:F$21,$B42,Punktematrix!$B$2:$B$21) -> 6 | G42: =SUMIF(Ergebnisse_Roh!G$2:G$21,$B42,Punktematrix!$B$2:$B$21) -> 0 | H42: =SUMIF(Ergebnisse_Roh!H$2:H$21,$B42,Punktematrix!$B$2:$B$21) -> 0 | I42: =SUMIF(Ergebnisse_Roh!I$2:I$21,$B42,Punktematrix!$B$2:$B$21) -> 0 | J42: =SUMIF(Ergebnisse_Roh!J$2:J$21,$B42,Punktematrix!$B$2:$B$21) -> 0 | K42: =SUMIF(Ergebnisse_Roh!K$2:K$21,$B42,Punktematrix!$B$2:$B$21) -> 0
A43: Rikki | B43: HealyBenEF Education - EasyPost | C43: =SUMIF(Ergebnisse_Roh!C$2:C$21,$B43,Punktematrix!$B$2:$B$21) -> 0 | D43: =SUMIF(Ergebnisse_Roh!D$2:D$21,$B43,Punktematrix!$B$2:$B$21) -> 0 | E43: =SUMIF(Ergebnisse_Roh!E$2:E$21,$B43,Punktematrix!$B$2:$B$21) -> 0 | F43: =SUMIF(Ergebnisse_Roh!F$2:F$21,$B43,Punktematrix!$B$2:$B$21) -> 0 | G43: =SUMIF(Ergebnisse_Roh!G$2:G$21,$B43,Punktematrix!$B$2:$B$21) -> 0 | H43: =SUMIF(Ergebnisse_Roh!H$2:H$21,$B43,Punktematrix!$B$2:$B$21) -> 0 | I43: =SUMIF(Ergebnisse_Roh!I$2:I$21,$B43,Punktematrix!$B$2:$B$21) -> 0 | J43: =SUMIF(Ergebnisse_Roh!J$2:J$21,$B43,Punktematrix!$B$2:$B$21) -> 0 | K43: =SUMIF(Ergebnisse_Roh!K$2:K$21,$B43,Punktematrix!$B$2:$B$21) -> 0
A44: Rikki | B44: PedersenMadsLidl - Trek | C44: =SUMIF(Ergebnisse_Roh!C$2:C$21,$B44,Punktematrix!$B$2:$B$21) -> 0 | D44: =SUMIF(Ergebnisse_Roh!D$2:D$21,$B44,Punktematrix!$B$2:$B$21) -> 0 | E44: =SUMIF(Ergebnisse_Roh!E$2:E$21,$B44,Punktematrix!$B$2:$B$21) -> 0 | F44: =SUMIF(Ergebnisse_Roh!F$2:F$21,$B44,Punktematrix!$B$2:$B$21) -> 27 | G44: =SUMIF(Ergebnisse_Roh!G$2:G$21,$B44,Punktematrix!$B$2:$B$21) -> 11 | H44: =SUMIF(Ergebnisse_Roh!H$2:H$21,$B44,Punktematrix!$B$2:$B$21) -> 2 | I44: =SUMIF(Ergebnisse_Roh!I$2:I$21,$B44,Punktematrix!$B$2:$B$21) -> 9 | J44: =SUMIF(Ergebnisse_Roh!J$2:J$21,$B44,Punktematrix!$B$2:$B$21) -> 6 | K44: =SUMIF(Ergebnisse_Roh!K$2:K$21,$B44,Punktematrix!$B$2:$B$21) -> 11
A45: Rikki | B45: LipowitzFlorianRed Bull - BORA - hansgrohe | C45: =SUMIF(Ergebnisse_Roh!C$2:C$21,$B45,Punktematrix!$B$2:$B$21) -> 8 | D45: =SUMIF(Ergebnisse_Roh!D$2:D$21,$B45,Punktematrix!$B$2:$B$21) -> 0 | E45: =SUMIF(Ergebnisse_Roh!E$2:E$21,$B45,Punktematrix!$B$2:$B$21) -> 9 | F45: =SUMIF(Ergebnisse_Roh!F$2:F$21,$B45,Punktematrix!$B$2:$B$21) -> 0 | G45: =SUMIF(Ergebnisse_Roh!G$2:G$21,$B45,Punktematrix!$B$2:$B$21) -> 0 | H45: =SUMIF(Ergebnisse_Roh!H$2:H$21,$B45,Punktematrix!$B$2:$B$21) -> 10 | I45: =SUMIF(Ergebnisse_Roh!I$2:I$21,$B45,Punktematrix!$B$2:$B$21) -> 0 | J45: =SUMIF(Ergebnisse_Roh!J$2:J$21,$B45,Punktematrix!$B$2:$B$21) -> 0 | K45: =SUMIF(Ergebnisse_Roh!K$2:K$21,$B45,Punktematrix!$B$2:$B$21) -> 0
A46: Rikki | B46: VauquelinKévinNetcompany INEOS | C46: =SUMIF(Ergebnisse_Roh!C$2:C$21,$B46,Punktematrix!$B$2:$B$21) -> 0 | D46: =SUMIF(Ergebnisse_Roh!D$2:D$21,$B46,Punktematrix!$B$2:$B$21) -> 0 | E46: =SUMIF(Ergebnisse_Roh!E$2:E$21,$B46,Punktematrix!$B$2:$B$21) -> 0 | F46: =SUMIF(Ergebnisse_Roh!F$2:F$21,$B46,Punktematrix!$B$2:$B$21) -> 10 | G46: =SUMIF(Ergebnisse_Roh!G$2:G$21,$B46,Punktematrix!$B$2:$B$21) -> 0 | H46: =SUMIF(Ergebnisse_Roh!H$2:H$21,$B46,Punktematrix!$B$2:$B$21) -> 0 | I46: =SUMIF(Ergebnisse_Roh!I$2:I$21,$B46,Punktematrix!$B$2:$B$21) -> 0 | J46: =SUMIF(Ergebnisse_Roh!J$2:J$21,$B46,Punktematrix!$B$2:$B$21) -> 0 | K46: =SUMIF(Ergebnisse_Roh!K$2:K$21,$B46,Punktematrix!$B$2:$B$21) -> 0
... A233: Jule | B233: UAE Team Emirates - XRG | C233: =SUMIF(Ergebnisse_Roh!C$2:C$21,$B233,Punktematrix!$B$2:$B$21) -> 0 | D233: =SUMIF(Ergebnisse_Roh!D$2:D$21,$B233,Punktematrix!$B$2:$B$21) -> 2 | E233: =SUMIF(Ergebnisse_Roh!E$2:E$21,$B233,Punktematrix!$B$2:$B$21) -> 2 | F233: =SUMIF(Ergebnisse_Roh!F$2:F$21,$B233,Punktematrix!$B$2:$B$21) -> 0 | G233: =SUMIF(Ergebnisse_Roh!G$2:G$21,$B233,Punktematrix!$B$2:$B$21) -> 0 | H233: =SUMIF(Ergebnisse_Roh!H$2:H$21,$B233,Punktematrix!$B$2:$B$21) -> 2 | I233: =SUMIF(Ergebnisse_Roh!I$2:I$21,$B233,Punktematrix!$B$2:$B$21) -> 0 | J233: =SUMIF(Ergebnisse_Roh!J$2:J$21,$B233,Punktematrix!$B$2:$B$21) -> 0 | K233: =SUMIF(Ergebnisse_Roh!K$2:K$21,$B233,Punktematrix!$B$2:$B$21) -> 0

Sheet Ergebnisse_Roh
A1: Etappe | B1: Platz | C1: S01 | D1: S02 | E1: S03 | F1: S04 | G1: S05 | H1: S06 | I1: S07 | J1: S08 | K1: S09
A2: 1 | B2: 1 | C2: VingegaardJonasTeam Visma | Lease a Bike | D2: del ToroIsaacUAE Team Emirates - XRG | E2: PogačarTadejUAE Team Emirates - XRG | F2: PedersenMadsLidl - Trek | G2: KooijOlavDecathlon CMA CGM Team | H2: PogačarTadejUAE Team Emirates - XRG | I2: MerlierTimSoudal Quick-Step | J2: MerlierTimSoudal Quick-Step | K2: van der PoelMathieuAlpecin - Premier Tech
A3: 1 | B3: 2 | C3: GannaFilippoNetcompany INEOS | D3: PogačarTadejUAE Team Emirates - XRG | E3: VingegaardJonasTeam Visma | Lease a Bike | F3: SimmonsQuinnLidl - Trek | G3: KanterMaxXDS Astana Team | H3: VingegaardJonasTeam Visma | Lease a Bike | I3: WærenskjoldSørenUno-X Mobility | J3: GirmayBiniamNSN Cycling Team | K3: JohannessenTobias HallandUno-X Mobility
A4: 1 | B4: 3 | C4: PogačarTadejUAE Team Emirates - XRG | D4: EvenepoelRemcoRed Bull - BORA - hansgrohe | E4: CarapazRichardEF Education - EasyPost | F4: García PiernaRaúlMovistar Team | G4: MerlierTimSoudal Quick-Step | H4: del ToroIsaacUAE Team Emirates - XRG | I4: GirmayBiniamNSN Cycling Team | J4: KooijOlavDecathlon CMA CGM Team | K4: PidcockTomPinarello Q36.5 Pro Cycling Team
A5: 1 | B5: 4 | C5: AyusoJuanLidl - Trek | D5: VingegaardJonasTeam Visma | Lease a Bike | E5: SeixasPaulDecathlon CMA CGM Team | F5: FrigoMarcoNSN Cycling Team | G5: ArtzHuubLotto Intermarché | H5: EvenepoelRemcoRed Bull - BORA - hansgrohe | I5: KanterMaxXDS Astana Team | J5: PhilipsenJasperAlpecin - Premier Tech | K5: BaudinAlexEF Education - EasyPost
A6: 1 | B6: 5 | C6: EvenepoelRemcoRed Bull - BORA - hansgrohe | D6: SkjelmoseMattiasLidl - Trek | E6: JohannessenTobias HallandUno-X Mobility | F6: DebruyneRamsesAlpecin - Premier Tech | G6: PhilipsenJasperAlpecin - Premier Tech | H6: SeixasPaulDecathlon CMA CGM Team | I6: PhilipsenJasperAlpecin - Premier Tech | J6: BittnerPavelTeam Picnic PostNL | K6: GannaFilippoNetcompany INEOS
A7: 1 | B7: 6 | C7: del ToroIsaacUAE Team Emirates - XRG | D7: JohannessenTobias HallandUno-X Mobility | E7: Van EetveltLennertLotto Intermarché | F7: VauquelinKévinNetcompany INEOS | G7: GirmayBiniamNSN Cycling Team | H7: LipowitzFlorianRed Bull - BORA - hansgrohe | I7: BauhausPhilBahrain - Victorious | J7: AckermannPascalTeam Jayco AlUla | K7: MatthewsMichaelTeam Jayco AlUla
A8: 1 | B8: 7 | C8: PiganzoliDavideTeam Visma | Lease a Bike | D8: GrégoireRomainGroupama - FDJ United | E8: LipowitzFlorianRed Bull - BORA - hansgrohe | F8: QuinnSeanEF Education - EasyPost | G8: PedersenMadsLidl - Trek | H8: AyusoJuanLidl - Trek | I8: ArtzHuubLotto Intermarché | J8: PluimersRickTudor Pro Cycling Team | K8: PedersenMadsLidl - Trek
A9: 1 | B9: 8 | C9: LipowitzFlorianRed Bull - BORA - hansgrohe | D9: SeixasPaulDecathlon CMA CGM Team | E9: del ToroIsaacUAE Team Emirates - XRG | F9: TræenTorsteinUno-X Mobility | G9: FretinMilanCofidis | H9: SkjelmoseMattiasLidl - Trek | I9: GodonDorianNetcompany INEOS | J9: RussoClémentGroupama - FDJ United | K9: BreuillardNicolasTotalEnergies
A10: 1 | B10: 9 | C10: SeixasPaulDecathlon CMA CGM Team | D10: MartinezLennyBahrain - Victorious | E10: EvenepoelRemcoRed Bull - BORA - hansgrohe | F10: VacekMathiasLidl - Trek | G10: WærenskjoldSørenUno-X Mobility | H10: KussSeppTeam Visma | Lease a Bike | I10: PedersenMadsLidl - Trek | J10: KanterMaxXDS Astana Team | K10: JegatJordanTotalEnergies
A11: 1 | B11: 10 | C11: FossTobiasNetcompany INEOS | D11: PidcockTomPinarello Q36.5 Pro Cycling Team | E11: AyusoJuanLidl - Trek | F11: CastrilloPabloMovistar Team | G11: TurgisAnthonyTotalEnergies | H11: MartinezLennyBahrain - Victorious | I11: Van AsbroeckTomNSN Cycling Team | J11: FretinMilanCofidis | K11: QuinnSeanEF Education - EasyPost
A12: 1 | B12: 11 | C12: van der PoelMathieuAlpecin - Premier Tech | D12: Van EetveltLennertLotto Intermarché | E12: SkjelmoseMattiasLidl - Trek | F12: MatthewsMichaelTeam Jayco AlUla | G12: BerckmoesJennoLotto Intermarché | H12: BernalEganNetcompany INEOS | I12: BittnerPavelTeam Picnic PostNL | J12: WærenskjoldSørenUno-X Mobility | K12: PogačarTadejUAE Team Emirates - XRG
A13: 1 | B13: 12 | C13: GrégoireRomainGroupama - FDJ United | D13: AyusoJuanLidl - Trek | E13: Van WilderIlanSoudal Quick-Step | F13: DelettreAlexandreTotalEnergies | G13: AckermannPascalTeam Jayco AlUla | H13: JegatJordanTotalEnergies | I13: AckermannPascalTeam Jayco AlUla | J13: PedersenMadsLidl - Trek | K13: EvenepoelRemcoRed Bull - BORA - hansgrohe
... A16: 1 | B16: 15 | C16: MartinezLennyBahrain - Victorious | D16: BaudinAlexEF Education - EasyPost | E16: PidcockTomPinarello Q36.5 Pro Cycling Team | F16: MolenaarAlexCaja Rural - Seguros RGA | G16: GodonDorianNetcompany INEOS | H16: PidcockTomPinarello Q36.5 Pro Cycling Team | I16: TurgisAnthonyTotalEnergies | J16: van der PoelMathieuAlpecin - Premier Tech | K16: BenootTiesjDecathlon CMA CGM Team
A17: 1 | B17: Gelb | C17: VingegaardJonasTeam Visma | Lease a Bike | D17: VingegaardJonasTeam Visma | Lease a Bike | E17: PogačarTadejUAE Team Emirates - XRG | F17: TræenTorsteinUno-X Mobility | G17: TræenTorsteinUno-X Mobility | H17: PogačarTadejUAE Team Emirates - XRG | I17: PogačarTadejUAE Team Emirates - XRG | J17: PogačarTadejUAE Team Emirates - XRG | K17: PogačarTadejUAE Team Emirates - XRG
A18: 1 | B18: Grün | C18: BernalEganNetcompany INEOS | D18: del ToroIsaacUAE Team Emirates - XRG | E18: PogačarTadejUAE Team Emirates - XRG | F18: PedersenMadsLidl - Trek | G18: PedersenMadsLidl - Trek | H18: PedersenMadsLidl - Trek | I18: PedersenMadsLidl - Trek | J18: PedersenMadsLidl - Trek | K18: PedersenMadsLidl - Trek
A19: 1 | B19: Weiß | C19: AyusoJuanLidl - Trek | D19: del ToroIsaacUAE Team Emirates - XRG | E19: del ToroIsaacUAE Team Emirates - XRG | F19: VacekMathiasLidl - Trek | G19: VacekMathiasLidl - Trek | H19: del ToroIsaacUAE Team Emirates - XRG | I19: del ToroIsaacUAE Team Emirates - XRG | J19: del ToroIsaacUAE Team Emirates - XRG | K19: del ToroIsaacUAE Team Emirates - XRG
A20: 1 | B20: Berg | C20: PogačarTadejUAE Team Emirates - XRG | D20: MolenaarAlexCaja Rural - Seguros RGA | E20: BaudinAlexEF Education - EasyPost | F20: BaudinAlexEF Education - EasyPost | G20: BaudinAlexEF Education - EasyPost | H20: PogačarTadejUAE Team Emirates - XRG | I20: PogačarTadejUAE Team Emirates - XRG | J20: PogačarTadejUAE Team Emirates - XRG | K20: PogačarTadejUAE Team Emirates - XRG
A21: 1 | B21: Mannschaft | C21: Netcompany INEOS | D21: UAE Team Emirates - XRG | E21: UAE Team Emirates - XRG | F21: Lidl - Trek | G21: XDS Astana Team | H21: UAE Team Emirates - XRG | I21: XDS Astana Team | J21: Team Picnic PostNL | K21: EF Education - EasyPost

Sheet Startlist2026
A1: BIB | B1: Specialty | C1: Age | D1: Rider | E1: Team | F1: S01 | G1: S02 | H1: S03 | I1: S04 | J1: S05 | K1: S06 | L1: S07 | M1: S08 | N1: S09
A2: 1 | B2: Climber | C2: 27 | D2: PogačarTadejUAE Team Emirates - XRG | E2: UAE Team Emirates - XRG | F2: =SUMIF(Ergebnisse_Roh!C$2:C$21,$D2,Punktematrix!$B$2:$B$21) -> 17 | G2: =SUMIF(Ergebnisse_Roh!D$2:D$21,$D2,Punktematrix!$B$2:$B$21) -> 20 | H2: =SUMIF(Ergebnisse_Roh!E$2:E$21,$D2,Punktematrix!$B$2:$B$21) -> 30 | I2: =SUMIF(Ergebnisse_Roh!F$2:F$21,$D2,Punktematrix!$B$2:$B$21) -> 0 | J2: =SUMIF(Ergebnisse_Roh!G$2:G$21,$D2,Punktematrix!$B$2:$B$21) -> 0 | K2: =SUMIF(Ergebnisse_Roh!H$2:H$21,$D2,Punktematrix!$B$2:$B$21) -> 30 | L2: =SUMIF(Ergebnisse_Roh!I$2:I$21,$D2,Punktematrix!$B$2:$B$21) -> 5 | M2: =SUMIF(Ergebnisse_Roh!J$2:J$21,$D2,Punktematrix!$B$2:$B$21) -> 5 | N2: =SUMIF(Ergebnisse_Roh!K$2:K$21,$D2,Punktematrix!$B$2:$B$21) -> 10
A3: 2 | B3: GC | C3: 22 | D3: del ToroIsaacUAE Team Emirates - XRG | E3: UAE Team Emirates - XRG | F3: =SUMIF(Ergebnisse_Roh!C$2:C$21,$D3,Punktematrix!$B$2:$B$21) -> 10 | G3: =SUMIF(Ergebnisse_Roh!D$2:D$21,$D3,Punktematrix!$B$2:$B$21) -> 29 | H3: =SUMIF(Ergebnisse_Roh!E$2:E$21,$D3,Punktematrix!$B$2:$B$21) -> 10 | I3: =SUMIF(Ergebnisse_Roh!F$2:F$21,$D3,Punktematrix!$B$2:$B$21) -> 0 | J3: =SUMIF(Ergebnisse_Roh!G$2:G$21,$D3,Punktematrix!$B$2:$B$21) -> 0 | K3: =SUMIF(Ergebnisse_Roh!H$2:H$21,$D3,Punktematrix!$B$2:$B$21) -> 17 | L3: =SUMIF(Ergebnisse_Roh!I$2:I$21,$D3,Punktematrix!$B$2:$B$21) -> 2 | M3: =SUMIF(Ergebnisse_Roh!J$2:J$21,$D3,Punktematrix!$B$2:$B$21) -> 2 | N3: =SUMIF(Ergebnisse_Roh!K$2:K$21,$D3,Punktematrix!$B$2:$B$21) -> 5
A4: 3 | B4: GC | C4: 32 | D4: GroßschartnerFelixUAE Team Emirates - XRG | E4: UAE Team Emirates - XRG | F4: =SUMIF(Ergebnisse_Roh!C$2:C$21,$D4,Punktematrix!$B$2:$B$21) -> 0 | G4: =SUMIF(Ergebnisse_Roh!D$2:D$21,$D4,Punktematrix!$B$2:$B$21) -> 0 | H4: =SUMIF(Ergebnisse_Roh!E$2:E$21,$D4,Punktematrix!$B$2:$B$21) -> 0 | I4: =SUMIF(Ergebnisse_Roh!F$2:F$21,$D4,Punktematrix!$B$2:$B$21) -> 0 | J4: =SUMIF(Ergebnisse_Roh!G$2:G$21,$D4,Punktematrix!$B$2:$B$21) -> 0 | K4: =SUMIF(Ergebnisse_Roh!H$2:H$21,$D4,Punktematrix!$B$2:$B$21) -> 0 | L4: =SUMIF(Ergebnisse_Roh!I$2:I$21,$D4,Punktematrix!$B$2:$B$21) -> 0 | M4: =SUMIF(Ergebnisse_Roh!J$2:J$21,$D4,Punktematrix!$B$2:$B$21) -> 0 | N4: =SUMIF(Ergebnisse_Roh!K$2:K$21,$D4,Punktematrix!$B$2:$B$21) -> 0
A5: 4 | B5: GC | C5: 28 | D5: McNultyBrandonUAE Team Emirates - XRG | E5: UAE Team Emirates - XRG | F5: =SUMIF(Ergebnisse_Roh!C$2:C$21,$D5,Punktematrix!$B$2:$B$21) -> 0 | G5: =SUMIF(Ergebnisse_Roh!D$2:D$21,$D5,Punktematrix!$B$2:$B$21) -> 0 | H5: =SUMIF(Ergebnisse_Roh!E$2:E$21,$D5,Punktematrix!$B$2:$B$21) -> 0 | I5: =SUMIF(Ergebnisse_Roh!F$2:F$21,$D5,Punktematrix!$B$2:$B$21) -> 0 | J5: =SUMIF(Ergebnisse_Roh!G$2:G$21,$D5,Punktematrix!$B$2:$B$21) -> 0 | K5: =SUMIF(Ergebnisse_Roh!H$2:H$21,$D5,Punktematrix!$B$2:$B$21) -> 0 | L5: =SUMIF(Ergebnisse_Roh!I$2:I$21,$D5,Punktematrix!$B$2:$B$21) -> 0 | M5: =SUMIF(Ergebnisse_Roh!J$2:J$21,$D5,Punktematrix!$B$2:$B$21) -> 0 | N5: =SUMIF(Ergebnisse_Roh!K$2:K$21,$D5,Punktematrix!$B$2:$B$21) -> 0
A6: 5 | B6: Classic | C6: 32 | D6: PolittNilsUAE Team Emirates - XRG | E6: UAE Team Emirates - XRG | F6: =SUMIF(Ergebnisse_Roh!C$2:C$21,$D6,Punktematrix!$B$2:$B$21) -> 0 | G6: =SUMIF(Ergebnisse_Roh!D$2:D$21,$D6,Punktematrix!$B$2:$B$21) -> 0 | H6: =SUMIF(Ergebnisse_Roh!E$2:E$21,$D6,Punktematrix!$B$2:$B$21) -> 0 | I6: =SUMIF(Ergebnisse_Roh!F$2:F$21,$D6,Punktematrix!$B$2:$B$21) -> 0 | J6: =SUMIF(Ergebnisse_Roh!G$2:G$21,$D6,Punktematrix!$B$2:$B$21) -> 0 | K6: =SUMIF(Ergebnisse_Roh!H$2:H$21,$D6,Punktematrix!$B$2:$B$21) -> 0 | L6: =SUMIF(Ergebnisse_Roh!I$2:I$21,$D6,Punktematrix!$B$2:$B$21) -> 0 | M6: =SUMIF(Ergebnisse_Roh!J$2:J$21,$D6,Punktematrix!$B$2:$B$21) -> 0 | N6: =SUMIF(Ergebnisse_Roh!K$2:K$21,$D6,Punktematrix!$B$2:$B$21) -> 0
A7: 6 | B7: Classic | C7: 27 | D7: VermeerschFlorianUAE Team Emirates - XRG | E7: UAE Team Emirates - XRG | F7: =SUMIF(Ergebnisse_Roh!C$2:C$21,$D7,Punktematrix!$B$2:$B$21) -> 0 | G7: =SUMIF(Ergebnisse_Roh!D$2:D$21,$D7,Punktematrix!$B$2:$B$21) -> 0 | H7: =SUMIF(Ergebnisse_Roh!E$2:E$21,$D7,Punktematrix!$B$2:$B$21) -> 0 | I7: =SUMIF(Ergebnisse_Roh!F$2:F$21,$D7,Punktematrix!$B$2:$B$21) -> 0 | J7: =SUMIF(Ergebnisse_Roh!G$2:G$21,$D7,Punktematrix!$B$2:$B$21) -> 0 | K7: =SUMIF(Ergebnisse_Roh!H$2:H$21,$D7,Punktematrix!$B$2:$B$21) -> 0 | L7: =SUMIF(Ergebnisse_Roh!I$2:I$21,$D7,Punktematrix!$B$2:$B$21) -> 0 | M7: =SUMIF(Ergebnisse_Roh!J$2:J$21,$D7,Punktematrix!$B$2:$B$21) -> 0 | N7: =SUMIF(Ergebnisse_Roh!K$2:K$21,$D7,Punktematrix!$B$2:$B$21) -> 0
A8: 7 | B8: GC | C8: 35 | D8: WellensTimUAE Team Emirates - XRG | E8: UAE Team Emirates - XRG | F8: =SUMIF(Ergebnisse_Roh!C$2:C$21,$D8,Punktematrix!$B$2:$B$21) -> 0 | G8: =SUMIF(Ergebnisse_Roh!D$2:D$21,$D8,Punktematrix!$B$2:$B$21) -> 0 | H8: =SUMIF(Ergebnisse_Roh!E$2:E$21,$D8,Punktematrix!$B$2:$B$21) -> 0 | I8: =SUMIF(Ergebnisse_Roh!F$2:F$21,$D8,Punktematrix!$B$2:$B$21) -> 0 | J8: =SUMIF(Ergebnisse_Roh!G$2:G$21,$D8,Punktematrix!$B$2:$B$21) -> 0 | K8: =SUMIF(Ergebnisse_Roh!H$2:H$21,$D8,Punktematrix!$B$2:$B$21) -> 0 | L8: =SUMIF(Ergebnisse_Roh!I$2:I$21,$D8,Punktematrix!$B$2:$B$21) -> 0 | M8: =SUMIF(Ergebnisse_Roh!J$2:J$21,$D8,Punktematrix!$B$2:$B$21) -> 0 | N8: =SUMIF(Ergebnisse_Roh!K$2:K$21,$D8,Punktematrix!$B$2:$B$21) -> 0
A9: 8 | B9: Climber | C9: 33 | D9: YatesAdamUAE Team Emirates - XRG | E9: UAE Team Emirates - XRG | F9: =SUMIF(Ergebnisse_Roh!C$2:C$21,$D9,Punktematrix!$B$2:$B$21) -> 0 | G9: =SUMIF(Ergebnisse_Roh!D$2:D$21,$D9,Punktematrix!$B$2:$B$21) -> 0 | H9: =SUMIF(Ergebnisse_Roh!E$2:E$21,$D9,Punktematrix!$B$2:$B$21) -> 0 | I9: =SUMIF(Ergebnisse_Roh!F$2:F$21,$D9,Punktematrix!$B$2:$B$21) -> 0 | J9: =SUMIF(Ergebnisse_Roh!G$2:G$21,$D9,Punktematrix!$B$2:$B$21) -> 0 | K9: =SUMIF(Ergebnisse_Roh!H$2:H$21,$D9,Punktematrix!$B$2:$B$21) -> 0 | L9: =SUMIF(Ergebnisse_Roh!I$2:I$21,$D9,Punktematrix!$B$2:$B$21) -> 0 | M9: =SUMIF(Ergebnisse_Roh!J$2:J$21,$D9,Punktematrix!$B$2:$B$21) -> 0 | N9: =SUMIF(Ergebnisse_Roh!K$2:K$21,$D9,Punktematrix!$B$2:$B$21) -> 0
A10: 11 | B10: GC | C10: 29 | D10: VingegaardJonasTeam Visma | Lease a Bike | E10: Team Visma | Lease a Bike | F10: =SUMIF(Ergebnisse_Roh!C$2:C$21,$D10,Punktematrix!$B$2:$B$21) -> 28 | G10: =SUMIF(Ergebnisse_Roh!D$2:D$21,$D10,Punktematrix!$B$2:$B$21) -> 15 | H10: =SUMIF(Ergebnisse_Roh!E$2:E$21,$D10,Punktematrix!$B$2:$B$21) -> 20 | I10: =SUMIF(Ergebnisse_Roh!F$2:F$21,$D10,Punktematrix!$B$2:$B$21) -> 0 | J10: =SUMIF(Ergebnisse_Roh!G$2:G$21,$D10,Punktematrix!$B$2:$B$21) -> 0 | K10: =SUMIF(Ergebnisse_Roh!H$2:H$21,$D10,Punktematrix!$B$2:$B$21) -> 20 | L10: =SUMIF(Ergebnisse_Roh!I$2:I$21,$D10,Punktematrix!$B$2:$B$21) -> 0 | M10: =SUMIF(Ergebnisse_Roh!J$2:J$21,$D10,Punktematrix!$B$2:$B$21) -> 0 | N10: =SUMIF(Ergebnisse_Roh!K$2:K$21,$D10,Punktematrix!$B$2:$B$21) -> 0
A11: 12 | B11: TT | C11: 30 | D11: AffiniEdoardoTeam Visma | Lease a Bike | E11: Team Visma | Lease a Bike | F11: =SUMIF(Ergebnisse_Roh!C$2:C$21,$D11,Punktematrix!$B$2:$B$21) -> 0 | G11: =SUMIF(Ergebnisse_Roh!D$2:D$21,$D11,Punktematrix!$B$2:$B$21) -> 0 | H11: =SUMIF(Ergebnisse_Roh!E$2:E$21,$D11,Punktematrix!$B$2:$B$21) -> 0 | I11: =SUMIF(Ergebnisse_Roh!F$2:F$21,$D11,Punktematrix!$B$2:$B$21) -> 0 | J11: =SUMIF(Ergebnisse_Roh!G$2:G$21,$D11,Punktematrix!$B$2:$B$21) -> 0 | K11: =SUMIF(Ergebnisse_Roh!H$2:H$21,$D11,Punktematrix!$B$2:$B$21) -> 0 | L11: =SUMIF(Ergebnisse_Roh!I$2:I$21,$D11,Punktematrix!$B$2:$B$21) -> 0 | M11: =SUMIF(Ergebnisse_Roh!J$2:J$21,$D11,Punktematrix!$B$2:$B$21) -> 0 | N11: =SUMIF(Ergebnisse_Roh!K$2:K$21,$D11,Punktematrix!$B$2:$B$21) -> 0
A12: 13 | B12: TT | C12: 32 | D12: ArmirailBrunoTeam Visma | Lease a Bike | E12: Team Visma | Lease a Bike | F12: =SUMIF(Ergebnisse_Roh!C$2:C$21,$D12,Punktematrix!$B$2:$B$21) -> 0 | G12: =SUMIF(Ergebnisse_Roh!D$2:D$21,$D12,Punktematrix!$B$2:$B$21) -> 0 | H12: =SUMIF(Ergebnisse_Roh!E$2:E$21,$D12,Punktematrix!$B$2:$B$21) -> 0 | I12: =SUMIF(Ergebnisse_Roh!F$2:F$21,$D12,Punktematrix!$B$2:$B$21) -> 0 | J12: =SUMIF(Ergebnisse_Roh!G$2:G$21,$D12,Punktematrix!$B$2:$B$21) -> 0 | K12: =SUMIF(Ergebnisse_Roh!H$2:H$21,$D12,Punktematrix!$B$2:$B$21) -> 0 | L12: =SUMIF(Ergebnisse_Roh!I$2:I$21,$D12,Punktematrix!$B$2:$B$21) -> 0 | M12: =SUMIF(Ergebnisse_Roh!J$2:J$21,$D12,Punktematrix!$B$2:$B$21) -> 0 | N12: =SUMIF(Ergebnisse_Roh!K$2:K$21,$D12,Punktematrix!$B$2:$B$21) -> 0
A13: 14 | B13: TT | C13: 34 | D13: CampenaertsVictorTeam Visma | Lease a Bike | E13: Team Visma | Lease a Bike | F13: =SUMIF(Ergebnisse_Roh!C$2:C$21,$D13,Punktematrix!$B$2:$B$21) -> 0 | G13: =SUMIF(Ergebnisse_Roh!D$2:D$21,$D13,Punktematrix!$B$2:$B$21) -> 0 | H13: =SUMIF(Ergebnisse_Roh!E$2:E$21,$D13,Punktematrix!$B$2:$B$21) -> 0 | I13: =SUMIF(Ergebnisse_Roh!F$2:F$21,$D13,Punktematrix!$B$2:$B$21) -> 0 | J13: =SUMIF(Ergebnisse_Roh!G$2:G$21,$D13,Punktematrix!$B$2:$B$21) -> 0 | K13: =SUMIF(Ergebnisse_Roh!H$2:H$21,$D13,Punktematrix!$B$2:$B$21) -> 0 | L13: =SUMIF(Ergebnisse_Roh!I$2:I$21,$D13,Punktematrix!$B$2:$B$21) -> 0 | M13: =SUMIF(Ergebnisse_Roh!J$2:J$21,$D13,Punktematrix!$B$2:$B$21) -> 0 | N13: =SUMIF(Ergebnisse_Roh!K$2:K$21,$D13,Punktematrix!$B$2:$B$21) -> 0
... A185: 228 | B185: GC | C185: 29 | D185: ParraJosé FélixCaja Rural - Seguros RGA | E185: Caja Rural - Seguros RGA | F185: =SUMIF(Ergebnisse_Roh!C$2:C$21,$D185,Punktematrix!$B$2:$B$21) -> 0 | G185: =SUMIF(Ergebnisse_Roh!D$2:D$21,$D185,Punktematrix!$B$2:$B$21) -> 0 | H185: =SUMIF(Ergebnisse_Roh!E$2:E$21,$D185,Punktematrix!$B$2:$B$21) -> 0 | I185: =SUMIF(Ergebnisse_Roh!F$2:F$21,$D185,Punktematrix!$B$2:$B$21) -> 0 | J185: =SUMIF(Ergebnisse_Roh!G$2:G$21,$D185,Punktematrix!$B$2:$B$21) -> 0 | K185: =SUMIF(Ergebnisse_Roh!H$2:H$21,$D185,Punktematrix!$B$2:$B$21) -> 0 | L185: =SUMIF(Ergebnisse_Roh!I$2:I$21,$D185,Punktematrix!$B$2:$B$21) -> 0 | M185: =SUMIF(Ergebnisse_Roh!J$2:J$21,$D185,Punktematrix!$B$2:$B$21) -> 0 | N185: =SUMIF(Ergebnisse_Roh!K$2:K$21,$D185,Punktematrix!$B$2:$B$21) -> 0
D186: Caja Rural - Seguros RGA | F186: =SUMIF(Ergebnisse_Roh!C$2:C$21,$D186,Punktematrix!$B$2:$B$21) -> 0 | G186: =SUMIF(Ergebnisse_Roh!D$2:D$21,$D186,Punktematrix!$B$2:$B$21) -> 0 | H186: =SUMIF(Ergebnisse_Roh!E$2:E$21,$D186,Punktematrix!$B$2:$B$21) -> 0 | I186: =SUMIF(Ergebnisse_Roh!F$2:F$21,$D186,Punktematrix!$B$2:$B$21) -> 0 | J186: =SUMIF(Ergebnisse_Roh!G$2:G$21,$D186,Punktematrix!$B$2:$B$21) -> 0 | K186: =SUMIF(Ergebnisse_Roh!H$2:H$21,$D186,Punktematrix!$B$2:$B$21) -> 0 | L186: =SUMIF(Ergebnisse_Roh!I$2:I$21,$D186,Punktematrix!$B$2:$B$21) -> 0 | M186: =SUMIF(Ergebnisse_Roh!J$2:J$21,$D186,Punktematrix!$B$2:$B$21) -> 0 | N186: =SUMIF(Ergebnisse_Roh!K$2:K$21,$D186,Punktematrix!$B$2:$B$21) -> 0
D187: Team Picnic PostNL | F187: =SUMIF(Ergebnisse_Roh!C$2:C$21,$D187,Punktematrix!$B$2:$B$21) -> 0 | G187: =SUMIF(Ergebnisse_Roh!D$2:D$21,$D187,Punktematrix!$B$2:$B$21) -> 0 | H187: =SUMIF(Ergebnisse_Roh!E$2:E$21,$D187,Punktematrix!$B$2:$B$21) -> 0 | I187: =SUMIF(Ergebnisse_Roh!F$2:F$21,$D187,Punktematrix!$B$2:$B$21) -> 0 | J187: =SUMIF(Ergebnisse_Roh!G$2:G$21,$D187,Punktematrix!$B$2:$B$21) -> 0 | K187: =SUMIF(Ergebnisse_Roh!H$2:H$21,$D187,Punktematrix!$B$2:$B$21) -> 0 | L187: =SUMIF(Ergebnisse_Roh!I$2:I$21,$D187,Punktematrix!$B$2:$B$21) -> 0 | M187: =SUMIF(Ergebnisse_Roh!J$2:J$21,$D187,Punktematrix!$B$2:$B$21) -> 2 | N187: =SUMIF(Ergebnisse_Roh!K$2:K$21,$D187,Punktematrix!$B$2:$B$21) -> 0
D188: TotalEnergies | F188: =SUMIF(Ergebnisse_Roh!C$2:C$21,$D188,Punktematrix!$B$2:$B$21) -> 0 | G188: =SUMIF(Ergebnisse_Roh!D$2:D$21,$D188,Punktematrix!$B$2:$B$21) -> 0 | H188: =SUMIF(Ergebnisse_Roh!E$2:E$21,$D188,Punktematrix!$B$2:$B$21) -> 0 | I188: =SUMIF(Ergebnisse_Roh!F$2:F$21,$D188,Punktematrix!$B$2:$B$21) -> 0 | J188: =SUMIF(Ergebnisse_Roh!G$2:G$21,$D188,Punktematrix!$B$2:$B$21) -> 0 | K188: =SUMIF(Ergebnisse_Roh!H$2:H$21,$D188,Punktematrix!$B$2:$B$21) -> 0 | L188: =SUMIF(Ergebnisse_Roh!I$2:I$21,$D188,Punktematrix!$B$2:$B$21) -> 0 | M188: =SUMIF(Ergebnisse_Roh!J$2:J$21,$D188,Punktematrix!$B$2:$B$21) -> 0 | N188: =SUMIF(Ergebnisse_Roh!K$2:K$21,$D188,Punktematrix!$B$2:$B$21) -> 0
D189: Groupama - FDJ United | F189: =SUMIF(Ergebnisse_Roh!C$2:C$21,$D189,Punktematrix!$B$2:$B$21) -> 0 | G189: =SUMIF(Ergebnisse_Roh!D$2:D$21,$D189,Punktematrix!$B$2:$B$21) -> 0 | H189: =SUMIF(Ergebnisse_Roh!E$2:E$21,$D189,Punktematrix!$B$2:$B$21) -> 0 | I189: =SUMIF(Ergebnisse_Roh!F$2:F$21,$D189,Punktematrix!$B$2:$B$21) -> 0 | J189: =SUMIF(Ergebnisse_Roh!G$2:G$21,$D189,Punktematrix!$B$2:$B$21) -> 0 | K189: =SUMIF(Ergebnisse_Roh!H$2:H$21,$D189,Punktematrix!$B$2:$B$21) -> 0 | L189: =SUMIF(Ergebnisse_Roh!I$2:I$21,$D189,Punktematrix!$B$2:$B$21) -> 0 | M189: =SUMIF(Ergebnisse_Roh!J$2:J$21,$D189,Punktematrix!$B$2:$B$21) -> 0 | N189: =SUMIF(Ergebnisse_Roh!K$2:K$21,$D189,Punktematrix!$B$2:$B$21) -> 0
D190: Tudor Pro Cycling Team | F190: =SUMIF(Ergebnisse_Roh!C$2:C$21,$D190,Punktematrix!$B$2:$B$21) -> 0 | G190: =SUMIF(Ergebnisse_Roh!D$2:D$21,$D190,Punktematrix!$B$2:$B$21) -> 0 | H190: =SUMIF(Ergebnisse_Roh!E$2:E$21,$D190,Punktematrix!$B$2:$B$21) -> 0 | I190: =SUMIF(Ergebnisse_Roh!F$2:F$21,$D190,Punktematrix!$B$2:$B$21) -> 0 | J190: =SUMIF(Ergebnisse_Roh!G$2:G$21,$D190,Punktematrix!$B$2:$B$21) -> 0 | K190: =SUMIF(Ergebnisse_Roh!H$2:H$21,$D190,Punktematrix!$B$2:$B$21) -> 0 | L190: =SUMIF(Ergebnisse_Roh!I$2:I$21,$D190,Punktematrix!$B$2:$B$21) -> 0 | M190: =SUMIF(Ergebnisse_Roh!J$2:J$21,$D190,Punktematrix!$B$2:$B$21) -> 0 | N190: =SUMIF(Ergebnisse_Roh!K$2:K$21,$D190,Punktematrix!$B$2:$B$21) -> 0
D191: Pinarello Q36.5 Pro Cycling Team | F191: =SUMIF(Ergebnisse_Roh!C$2:C$21,$D191,Punktematrix!$B$2:$B$21) -> 0 | G191: =SUMIF(Ergebnisse_Roh!D$2:D$21,$D191,Punktematrix!$B$2:$B$21) -> 0 | H191: =SUMIF(Ergebnisse_Roh!E$2:E$21,$D191,Punktematrix!$B$2:$B$21) -> 0 | I191: =SUMIF(Ergebnisse_Roh!F$2:F$21,$D191,Punktematrix!$B$2:$B$21) -> 0 | J191: =SUMIF(Ergebnisse_Roh!G$2:G$21,$D191,Punktematrix!$B$2:$B$21) -> 0 | K191: =SUMIF(Ergebnisse_Roh!H$2:H$21,$D191,Punktematrix!$B$2:$B$21) -> 0 | L191: =SUMIF(Ergebnisse_Roh!I$2:I$21,$D191,Punktematrix!$B$2:$B$21) -> 0 | M191: =SUMIF(Ergebnisse_Roh!J$2:J$21,$D191,Punktematrix!$B$2:$B$21) -> 0 | N191: =SUMIF(Ergebnisse_Roh!K$2:K$21,$D191,Punktematrix!$B$2:$B$21) -> 0
D192: Groupama - FDJ United | F192: =SUMIF(Ergebnisse_Roh!C$2:C$21,$D192,Punktematrix!$B$2:$B$21) -> 0 | G192: =SUMIF(Ergebnisse_Roh!D$2:D$21,$D192,Punktematrix!$B$2:$B$21) -> 0 | H192: =SUMIF(Ergebnisse_Roh!E$2:E$21,$D192,Punktematrix!$B$2:$B$21) -> 0 | I192: =SUMIF(Ergebnisse_Roh!F$2:F$21,$D192,Punktematrix!$B$2:$B$21) -> 0 | J192: =SUMIF(Ergebnisse_Roh!G$2:G$21,$D192,Punktematrix!$B$2:$B$21) -> 0 | K192: =SUMIF(Ergebnisse_Roh!H$2:H$21,$D192,Punktematrix!$B$2:$B$21) -> 0 | L192: =SUMIF(Ergebnisse_Roh!I$2:I$21,$D192,Punktematrix!$B$2:$B$21) -> 0 | M192: =SUMIF(Ergebnisse_Roh!J$2:J$21,$D192,Punktematrix!$B$2:$B$21) -> 0 | N192: =SUMIF(Ergebnisse_Roh!K$2:K$21,$D192,Punktematrix!$B$2:$B$21) -> 0
D193: Lotto Intermarché | F193: =SUMIF(Ergebnisse_Roh!C$2:C$21,$D193,Punktematrix!$B$2:$B$21) -> 0 | G193: =SUMIF(Ergebnisse_Roh!D$2:D$21,$D193,Punktematrix!$B$2:$B$21) -> 0 | H193: =SUMIF(Ergebnisse_Roh!E$2:E$21,$D193,Punktematrix!$B$2:$B$21) -> 0 | I193: =SUMIF(Ergebnisse_Roh!F$2:F$21,$D193,Punktematrix!$B$2:$B$21) -> 0 | J193: =SUMIF(Ergebnisse_Roh!G$2:G$21,$D193,Punktematrix!$B$2:$B$21) -> 0 | K193: =SUMIF(Ergebnisse_Roh!H$2:H$21,$D193,Punktematrix!$B$2:$B$21) -> 0 | L193: =SUMIF(Ergebnisse_Roh!I$2:I$21,$D193,Punktematrix!$B$2:$B$21) -> 0 | M193: =SUMIF(Ergebnisse_Roh!J$2:J$21,$D193,Punktematrix!$B$2:$B$21) -> 0 | N193: =SUMIF(Ergebnisse_Roh!K$2:K$21,$D193,Punktematrix!$B$2:$B$21) -> 0
D194: Cofidis | F194: =SUMIF(Ergebnisse_Roh!C$2:C$21,$D194,Punktematrix!$B$2:$B$21) -> 0 | G194: =SUMIF(Ergebnisse_Roh!D$2:D$21,$D194,Punktematrix!$B$2:$B$21) -> 0 | H194: =SUMIF(Ergebnisse_Roh!E$2:E$21,$D194,Punktematrix!$B$2:$B$21) -> 0 | I194: =SUMIF(Ergebnisse_Roh!F$2:F$21,$D194,Punktematrix!$B$2:$B$21) -> 0 | J194: =SUMIF(Ergebnisse_Roh!G$2:G$21,$D194,Punktematrix!$B$2:$B$21) -> 0 | K194: =SUMIF(Ergebnisse_Roh!H$2:H$21,$D194,Punktematrix!$B$2:$B$21) -> 0 | L194: =SUMIF(Ergebnisse_Roh!I$2:I$21,$D194,Punktematrix!$B$2:$B$21) -> 0 | M194: =SUMIF(Ergebnisse_Roh!J$2:J$21,$D194,Punktematrix!$B$2:$B$21) -> 0 | N194: =SUMIF(Ergebnisse_Roh!K$2:K$21,$D194,Punktematrix!$B$2:$B$21) -> 0
D195: NSN Cycling Team | F195: =SUMIF(Ergebnisse_Roh!C$2:C$21,$D195,Punktematrix!$B$2:$B$21) -> 0 | G195: =SUMIF(Ergebnisse_Roh!D$2:D$21,$D195,Punktematrix!$B$2:$B$21) -> 0 | H195: =SUMIF(Ergebnisse_Roh!E$2:E$21,$D195,Punktematrix!$B$2:$B$21) -> 0 | I195: =SUMIF(Ergebnisse_Roh!F$2:F$21,$D195,Punktematrix!$B$2:$B$21) -> 0 | J195: =SUMIF(Ergebnisse_Roh!G$2:G$21,$D195,Punktematrix!$B$2:$B$21) -> 0 | K195: =SUMIF(Ergebnisse_Roh!H$2:H$21,$D195,Punktematrix!$B$2:$B$21) -> 0 | L195: =SUMIF(Ergebnisse_Roh!I$2:I$21,$D195,Punktematrix!$B$2:$B$21) -> 0 | M195: =SUMIF(Ergebnisse_Roh!J$2:J$21,$D195,Punktematrix!$B$2:$B$21) -> 0 | N195: =SUMIF(Ergebnisse_Roh!K$2:K$21,$D195,Punktematrix!$B$2:$B$21) -> 0
D196: Movistar Team | F196: =SUMIF(Ergebnisse_Roh!C$2:C$21,$D196,Punktematrix!$B$2:$B$21) -> 0 | G196: =SUMIF(Ergebnisse_Roh!D$2:D$21,$D196,Punktematrix!$B$2:$B$21) -> 0 | H196: =SUMIF(Ergebnisse_Roh!E$2:E$21,$D196,Punktematrix!$B$2:$B$21) -> 0 | I196: =SUMIF(Ergebnisse_Roh!F$2:F$21,$D196,Punktematrix!$B$2:$B$21) -> 0 | J196: =SUMIF(Ergebnisse_Roh!G$2:G$21,$D196,Punktematrix!$B$2:$B$21) -> 0 | K196: =SUMIF(Ergebnisse_Roh!H$2:H$21,$D196,Punktematrix!$B$2:$B$21) -> 0 | L196: =SUMIF(Ergebnisse_Roh!I$2:I$21,$D196,Punktematrix!$B$2:$B$21) -> 0 | M196: =SUMIF(Ergebnisse_Roh!J$2:J$21,$D196,Punktematrix!$B$2:$B$21) -> 0 | N196: =SUMIF(Ergebnisse_Roh!K$2:K$21,$D196,Punktematrix!$B$2:$B$21) -> 0
D197: Team Jayco AlUla | F197: =SUMIF(Ergebnisse_Roh!C$2:C$21,$D197,Punktematrix!$B$2:$B$21) -> 0 | G197: =SUMIF(Ergebnisse_Roh!D$2:D$21,$D197,Punktematrix!$B$2:$B$21) -> 0 | H197: =SUMIF(Ergebnisse_Roh!E$2:E$21,$D197,Punktematrix!$B$2:$B$21) -> 0 | I197: =SUMIF(Ergebnisse_Roh!F$2:F$21,$D197,Punktematrix!$B$2:$B$21) -> 0 | J197: =SUMIF(Ergebnisse_Roh!G$2:G$21,$D197,Punktematrix!$B$2:$B$21) -> 0 | K197: =SUMIF(Ergebnisse_Roh!H$2:H$21,$D197,Punktematrix!$B$2:$B$21) -> 0 | L197: =SUMIF(Ergebnisse_Roh!I$2:I$21,$D197,Punktematrix!$B$2:$B$21) -> 0 | M197: =SUMIF(Ergebnisse_Roh!J$2:J$21,$D197,Punktematrix!$B$2:$B$21) -> 0 | N197: =SUMIF(Ergebnisse_Roh!K$2:K$21,$D197,Punktematrix!$B$2:$B$21) -> 0
... D209: UAE Team Emirates - XRG | F209: =SUMIF(Ergebnisse_Roh!C$2:C$21,$D209,Punktematrix!$B$2:$B$21) -> 0 | G209: =SUMIF(Ergebnisse_Roh!D$2:D$21,$D209,Punktematrix!$B$2:$B$21) -> 2 | H209: =SUMIF(Ergebnisse_Roh!E$2:E$21,$D209,Punktematrix!$B$2:$B$21) -> 2 | I209: =SUMIF(Ergebnisse_Roh!F$2:F$21,$D209,Punktematrix!$B$2:$B$21) -> 0 | J209: =SUMIF(Ergebnisse_Roh!G$2:G$21,$D209,Punktematrix!$B$2:$B$21) -> 0 | K209: =SUMIF(Ergebnisse_Roh!H$2:H$21,$D209,Punktematrix!$B$2:$B$21) -> 2 | L209: =SUMIF(Ergebnisse_Roh!I$2:I$21,$D209,Punktematrix!$B$2:$B$21) -> 0 | M209: =SUMIF(Ergebnisse_Roh!J$2:J$21,$D209,Punktematrix!$B$2:$B$21) -> 0 | N209: =SUMIF(Ergebnisse_Roh!K$2:K$21,$D209,Punktematrix!$B$2:$B$21) -> 0

Sheet Punktematrix
A1: Platz | B1: Punkte
A2: 1 | B2: 25
A3: 2 | B3: 20
A4: 3 | B4: 15
A5: 4 | B5: 12
A6: 5 | B6: 11
A7: 6 | B7: 10
A8: 7 | B8: 9
A9: 8 | B9: 8
A10: 9 | B10: 7
A11: 10 | B11: 6
A12: 11 | B12: 5
A13: 12 | B13: 4
... A16: 15 | B16: 1
A17: Gelb | B17: 3
A18: Grün | B18: 2
A19: Weiß | B19: 2
A20: Berg | B20: 2
A21: Mannschaft | B21: 2

Sheet Pivot-Tabelle_Spieler_Teams_1
A3: Fahrer | B3: Spieler | C3: (leer)
A4: PidcockTomPinarello Q36.5 Pro Cycling Team | B4: Lanci
B5: Konsti
B6: Cindy
A7: Summe Ergebnis

Sheet Stage01
A1: VingegaardJonasTeam Visma | Lease a Bike | B1: 50 | C1: 26.25
A2: PiganzoliDavideTeam Visma | Lease a Bike +0:28 | B2: 50 | C2: 26.25
A3: KussSeppTeam Visma | Lease a Bike +1:58 | B3: 50 | C3: 26.25
A4: JorgensonMatteoTeam Visma | Lease a Bike +2:30 | B4: 50 | C4: 26.25
A5: ArmirailBrunoTeam Visma | Lease a Bike +3:28 | B5: 50 | C5: 26.25
A6: CampenaertsVictorTeam Visma | Lease a Bike +3:28 | B6: 50 | C6: 26.25
A7: AffiniEdoardoTeam Visma | Lease a Bike +4:23 | B7: 50 | C7: 26.25
A8: HagenesPer StrandTeam Visma | Lease a Bike +4:23 | B8: 50 | C8: 26.25
A10: GannaFilippoNetcompany INEOS | B10: 40 | C10: 18.75
A11: FossTobiasNetcompany INEOS +0:30 | B11: 40 | C11: 18.75
A12: ArensmanThymenNetcompany INEOS +0:53 | B12: 40 | C12: 18.75
A13: VauquelinKévinNetcompany INEOS +1:06 | B13: 40 | C13: 18.75
... A44: van DijkeTimRed Bull - BORA - hansgrohe +4:58 | B44: 10 | C44: 8.75
A46: SeixasPaulDecathlon CMA CGM Team | C46: 6.88
A47: RiccitelloMatthewDecathlon CMA CGM Team +0:11 | C47: 6.88
A48: Paret-PeintreAurélienDecathlon CMA CGM Team +1:23 | C48: 6.88
A49: BenootTiesjDecathlon CMA CGM Team +2:40 | C49: 6.88
A50: ProdhommeNicolasDecathlon CMA CGM Team +3:22 | C50: 6.88
A51: KooijOlavDecathlon CMA CGM Team +3:33 | C51: 6.88
A52: HooleDaanDecathlon CMA CGM Team +3:33 | C52: 6.88
A53: BolCeesDecathlon CMA CGM Team +3:52 | C53: 6.88
A55: van der PoelMathieuAlpecin - Premier Tech | C55: 5.62
A56: VerstryngeEmielAlpecin - Premier Tech +1:32 | C56: 5.62
A57: DebruyneRamsesAlpecin - Premier Tech +2:01 | C57: 5.62
A58: MarsmanTimAlpecin - Premier Tech +2:31 | C58: 5.62
... A62: RickaertJonasAlpecin - Premier Tech +4:29 | C62: 5.62
A64: GrégoireRomainGroupama - FDJ United | C64: 5
A65: Braz AfonsoClémentGroupama - FDJ United +1:49 | C65: 5
A66: GermaniLorenzoGroupama - FDJ United +2:34 | C66: 5
A67: RussoClémentGroupama - FDJ United +2:34 | C67: 5
A68: CostiouEwenGroupama - FDJ United +2:34 | C68: 5
A69: PacherQuentinGroupama - FDJ United +2:37 | C69: 5
A70: MartinGuillaumeGroupama - FDJ United +2:53 | C70: 5
A71: BerthetClémentGroupama - FDJ United +2:53 | C71: 5
A73: TiberiAntonioBahrain - Victorious | C73: 4.38
A74: MartinezLennyBahrain - Victorious +0:03 | C74: 4.38
A75: CarusoDamianoBahrain - Victorious +2:25 | C75: 4.38
A76: Van MechelenVladBahrain - Victorious +2:26 | C76: 4.38
A77: MohoričMatejBahrain - Victorious +3:09 | C77: 4.38
A78: StannardRobertBahrain - Victorious +3:28 | C78: 4.38
A79: BauhausPhilBahrain - Victorious +3:50 | C79: 4.38
A80: GradekKamilBahrain - Victorious +3:50 | C80: 4.38
A82: MatthewsMichaelTeam Jayco AlUla | C82: 3.75
A83: PlappLukeTeam Jayco AlUla +1:06 | C83: 3.75
A84: O'ConnorBenTeam Jayco AlUla +3:42 | C84: 3.75
A85: O'BrienKellandTeam Jayco AlUla +3:42 | C85: 3.75
... A134: GuernalecThibaultTotalEnergies +3:50 | C134: 0.62
A136: MolenaarAlexCaja Rural - Seguros RGA
A137: ParraJosé FélixCaja Rural - Seguros RGA +0:26
A138: BalderstoneAbelCaja Rural - Seguros RGA +0:40
A139: BerwickSebastianCaja Rural - Seguros RGA +2:26
A140: OldaniStefanoCaja Rural - Seguros RGA +2:26
A141: GaviriaFernandoCaja Rural - Seguros RGA +2:53
A142: OtrubaJakubCaja Rural - Seguros RGA +3:00
A143: NicolauJoelCaja Rural - Seguros RGA +3:16
A145: VoisardYannisTudor Pro Cycling Team
A146: AlaphilippeJulianTudor Pro Cycling Team +0:11
A147: HirschiMarcTudor Pro Cycling Team +1:11
A148: StorerMichaelTudor Pro Cycling Team +2:13
... A206: VelascoSimoneXDS Astana Team +3:40
A208: Rnk | B208: BIB | C208: H2H | D208: Specialty | E208: Age | F208: Rider | G208: Team | H208: UCI | J208: Time | K208: Time won/lost
A209: 1 | B209: 11 | D209: GC | E209: 29 | F209: VingegaardJonasTeam Visma | Lease a Bike | G209: Team Visma | Lease a Bike | H209: 25 | J209: 21:4721:47
A210: 2 | B210: 84 | D210: TT | E210: 29 | F210: GannaFilippoNetcompany INEOS | G210: Netcompany INEOS | J210: 0:080:08
A211: 3 | B211: 1 | D211: Climber | E211: 27 | F211: PogačarTadejUAE Team Emirates - XRG | G211: UAE Team Emirates - XRG | J211: 0:120:12
A212: 4 | B212: 31 | D212: Climber | E212: 23 | F212: AyusoJuanLidl - Trek | G212: Lidl - Trek | J212: 0:160:16
A213: 5 | B213: 21 | D213: TT | E213: 26 | F213: EvenepoelRemcoRed Bull - BORA - hansgrohe | G213: Red Bull - BORA - hansgrohe | J213: 0:190:19
A214: 6 | B214: 2 | D214: GC | E214: 22 | F214: del ToroIsaacUAE Team Emirates - XRG | G214: UAE Team Emirates - XRG | J214: 0:260:26
A215: 7 | B215: 18 | D215: GC | E215: 23 | F215: PiganzoliDavideTeam Visma | Lease a Bike | G215: Team Visma | Lease a Bike | J215: 0:280:28
A216: 8 | B216: 25 | D216: GC | E216: 25 | F216: LipowitzFlorianRed Bull - BORA - hansgrohe | G216: Red Bull - BORA - hansgrohe | J216: 0:350:35
A217: 9 | B217: 83 | D217: TT | E217: 29 | F217: SeixasPaulDecathlon CMA CGM Team | G217: Netcompany INEOS | J217: 0:380:38
A218: 10 | B218: 51 | D218: Classic | E218: 19 | F218: FossTobiasNetcompany INEOS | G218: Decathlon CMA CGM Team | J218: 0:390:39
A219: 11 | B219: 101 | D219: Classic | E219: 31 | F219: van der PoelMathieuAlpecin - Premier Tech | G219: Alpecin - Premier Tech | J219: ,,0:39
A220: 12 | B220: 181 | D220: Classic | E220: 23 | F220: GrégoireRomainGroupama - FDJ United | G220: Groupama - FDJ United | J220: 0:410:41
A221: 13 | B221: 77 | D221: GC | E221: 25 | F221: TiberiAntonioBahrain - Victorious | G221: Bahrain - Victorious | J221: 0:470:47
... A392: 184 | B392: 67 | D392: Classic | E392: 30 | F392: VelascoSimoneXDS Astana Team | G392: XDS Astana Team | J392: 5:585:58
A394: Rnk | B394: BIB | C394: H2H | D394: Specialty | E394: Age | F394: Rider | G394: Team | H394: Today
A395: 1 | B395: 81 | D395: GC | E395: 29 | F395: BernalEganNetcompany INEOS | G395: Netcompany INEOS
A397: Rnk | B397: BIB | C397: H2H | D397: Specialty | E397: Age | F397: Rider | G397: Team | H397: Today
A398: 1 | B398: 1 | D398: Climber | E398: 27 | F398: PogačarTadejUAE Team Emirates - XRG | G398: UAE Team Emirates - XRG
A400: Rnk | B400: BIB | C400: H2H | D400: Specialty | E400: Age | F400: Rider | G400: Team | H400: Time | I400: Time won/lost
A401: 1 | B401: 31 | D401: Climber | E401: 23 | F401: AyusoJuanLidl - Trek | G401: Lidl - Trek | H401: 22:0322:03
A402: 2 | B402: 2 | D402: GC | E402: 22 | F402: del ToroIsaacUAE Team Emirates - XRG | G402: UAE Team Emirates - XRG | H402: 0:100:10
A403: 3 | B403: 18 | D403: GC | E403: 23 | F403: PiganzoliDavideTeam Visma | Lease a Bike | G403: Team Visma | Lease a Bike | H403: 0:120:12
A404: 4 | B404: 51 | D404: Classic | E404: 19 | F404: SeixasPaulDecathlon CMA CGM Team | G404: Decathlon CMA CGM Team | H404: 0:230:23
A405: 5 | B405: 181 | D405: Classic | E405: 23 | F405: GrégoireRomainGroupama - FDJ United | G405: Groupama - FDJ United | H405: 0:250:25
A406: 6 | B406: 77 | D406: GC | E406: 25 | F406: TiberiAntonioBahrain - Victorious | G406: Bahrain - Victorious | H406: 0:310:31
A407: 7 | B407: 58 | D407: GC | E407: 24 | F407: RiccitelloMatthewDecathlon CMA CGM Team | G407: Decathlon CMA CGM Team | H407: 0:340:34
A408: 8 | B408: 71 | D408: Climber | E408: 22 | F408: BaudinAlexEF Education - EasyPost | G408: Bahrain - Victorious | H408: ,,0:34
A409: 9 | B409: 43 | D409: Climber | E409: 25 | F409: MartinezLennyBahrain - Victorious | G409: EF Education - EasyPost | H409: 0:410:41
A410: 10 | B410: 37 | D410: TT | E410: 24 | F410: VacekMathiasLidl - Trek | G410: Lidl - Trek | H410: 0:560:56
A411: 11 | B411: 88 | D411: GC | E411: 25 | F411: VauquelinKévinNetcompany INEOS | G411: Netcompany INEOS | H411: 0:580:58
A412: 12 | B412: 144 | D412: GC | E412: 25 | F412: García PiernaRaúlMovistar Team | G412: Movistar Team | H412: 1:021:02
... A441: 41 | B441: 68 | D441: GC | E441: 23 | F441: VinokurovNicolasXDS Astana Team | G441: XDS Astana Team | H441: 4:384:38
A443: Rnk | B443: BIB | C443: H2H | D443: Specialty | E443: Age | F443: Rider | G443: Team | H443: Time | I443: Time won/lost
A444: 1 | B444: 31 | D444: Climber | E444: 23 | F444: AyusoJuanLidl - Trek | G444: Lidl - Trek | H444: 22:0322:03
A445: 2 | B445: 2 | D445: GC | E445: 22 | F445: del ToroIsaacUAE Team Emirates - XRG | G445: UAE Team Emirates - XRG | H445: 0:100:10
A446: 3 | B446: 18 | D446: GC | E446: 23 | F446: PiganzoliDavideTeam Visma | Lease a Bike | G446: Team Visma | Lease a Bike | H446: 0:120:12
A447: 4 | B447: 51 | D447: Classic | E447: 19 | F447: SeixasPaulDecathlon CMA CGM Team | G447: Decathlon CMA CGM Team | H447: 0:230:23
A448: 5 | B448: 181 | D448: Classic | E448: 23 | F448: GrégoireRomainGroupama - FDJ United | G448: Groupama - FDJ United | H448: 0:250:25
A449: 6 | B449: 77 | D449: GC | E449: 25 | F449: TiberiAntonioBahrain - Victorious | G449: Bahrain - Victorious | H449: 0:310:31
...

Sheet Stage02
A1: Rnk | B1: GC | C1: Timelag | D1: BIB | E1: H2H | F1: Specialty | G1: Age | H1: Rider | I1: Team | J1: UCI | K1: Pnt | M1: Time
A2: 1 | B2: 4 | C2: +0:16 | D2: 2 | F2: Climber | G2: 22 | H2: del ToroIsaacUAE Team Emirates - XRG | I2: UAE Team Emirates - XRG | J2: 210 | K2: 100 | L2: 10″ | M2: 3:40:013:40:01
A3: 2 | B3: 2 | C3: +0:06 | D3: 1 | F3: Climber | G3: 27 | H3: PogačarTadejUAE Team Emirates - XRG | I3: UAE Team Emirates - XRG | J3: 150 | K3: 70 | L3: 6″ | M3: ,,0:00
A4: 3 | B4: 3 | C4: +0:15 | D4: 21 | F4: Climber | G4: 26 | H4: EvenepoelRemcoRed Bull - BORA - hansgrohe | I4: Red Bull - BORA - hansgrohe | J4: 110 | K4: 50 | L4: 4″ | M4: ,,0:00
A5: 4 | B5: 1 | C5: +0:00 | D5: 11 | F5: GC | G5: 29 | H5: VingegaardJonasTeam Visma | Lease a Bike | I5: Team Visma | Lease a Bike | J5: 90 | K5: 40 | M5: ,,0:00
A6: 5 | B6: 16 | C6: +1:36 | D6: 35 | F6: Climber | G6: 25 | H6: SkjelmoseMattiasLidl - Trek | I6: Lidl - Trek | J6: 70 | K6: 32 | M6: 0:030:03
A7: 6 | B7: 12 | C7: +1:03 | D7: 121 | F7: Climber | G7: 26 | H7: JohannessenTobias HallandUno-X Mobility | I7: Uno-X Mobility | J7: 55 | K7: 26 | M7: ,,0:03
A8: 7 | B8: 7 | C8: +0:44 | D8: 181 | F8: Classic | G8: 23 | H8: GrégoireRomainGroupama - FDJ United | I8: Groupama - FDJ United | J8: 45 | K8: 22 | M8: ,,0:03
A9: 8 | B9: 9 | C9: +0:53 | D9: 71 | F9: Climber | G9: 22 | H9: SeixasPaulDecathlon CMA CGM Team | I9: Bahrain - Victorious | J9: 40 | K9: 18 | M9: ,,0:03
A10: 9 | B10: 6 | C10: +0:42 | D10: 51 | F10: Climber | G10: 19 | H10: MartinezLennyBahrain - Victorious | I10: Decathlon CMA CGM Team | J10: 35 | K10: 14 | M10: ,,0:03
A11: 10 | B11: 10 | C11: +1:00 | D11: 171 | F11: Classic | G11: 26 | H11: PidcockTomPinarello Q36.5 Pro Cycling Team | I11: Pinarello Q36.5 Pro Cycling Team | J11: 30 | K11: 10 | M11: ,,0:03
A12: 11 | B12: 18 | C12: +1:39 | D12: 156 | F12: Climber | G12: 24 | H12: Van EetveltLennertLotto Intermarché | I12: Lotto Intermarché | J12: 25 | K12: 8 | M12: ,,0:03
A13: 12 | B13: 5 | C13: +0:19 | D13: 31 | F13: Climber | G13: 23 | H13: AyusoJuanLidl - Trek | I13: Lidl - Trek | J13: 20 | K13: 6 | M13: ,,0:03
A14: 13 | B14: 11 | C14: +1:01 | D14: 97 | F14: GC | G14: 26 | H14: Van WilderIlanSoudal Quick-Step | I14: Soudal Quick-Step | J14: 15 | K14: 4 | M14: ,,0:03
A15: 14 | B15: 19 | C15: +1:43 | D15: 41 | F15: Climber | G15: 33 | H15: CarapazRichardEF Education - EasyPost | I15: EF Education - EasyPost | J15: 10 | K15: 2 | M15: 0:070:07
A16: 15 | B16: 13 | C16: +1:07 | D16: 43 | F16: Climber | G16: 25 | H16: BaudinAlexEF Education - EasyPost | I16: EF Education - EasyPost | J16: 5 | K16: 1 | M16: 0:100:10
A17: 16 | B17: 8 | C17: +0:45 | D17: 25 | F17: GC | G17: 25 | H17: LipowitzFlorianRed Bull - BORA - hansgrohe | I17: Red Bull - BORA - hansgrohe | M17: ,,0:10
A18: 17 | B18: 22 | C18: +2:20 | D18: 141 | F18: GC | G18: 23 | H18: UijtdebroeksCianMovistar Team | I18: Movistar Team | M18: 0:270:27
A19: 18 | B19: 35 | C19: +5:06 | D19: 8 | F19: Climber | G19: 33 | H19: YatesAdamUAE Team Emirates - XRG | I19: UAE Team Emirates - XRG | M19: 0:390:39
A20: 19 | B20: 26 | C20: +3:01 | D20: 61 | F20: Climber | G20: 28 | H20: FossTobiasNetcompany INEOS | I20: XDS Astana Team | M20: 0:430:43
A21: 20 | B21: 14 | C21: +1:21 | D21: 83 | F21: TT | G21: 29 | H21: HiguitaSergioXDS Astana Team | I21: Netcompany INEOS | M21: ,,0:43
A22: 21 | B22: 20 | C22: +1:48 | D22: 82 | F22: GC | G22: 26 | H22: ArensmanThymenNetcompany INEOS | I22: Netcompany INEOS | M22: 0:470:47
A23: 22 | B23: 15 | C23: +1:26 | D23: 101 | F23: Classic | G23: 31 | H23: van der PoelMathieuAlpecin - Premier Tech | I23: Alpecin - Premier Tech | M23: ,,0:47
A24: 23 | B24: 31 | C24: +3:53 | D24: 81 | F24: GC | G24: 29 | H24: BernalEganNetcompany INEOS | I24: Netcompany INEOS | M24: ,,0:47
A25: 24 | B25: 34 | C25: +4:43 | D25: 163 | F25: Classic | G25: 30 | H25: AranburuAlexCofidis | I25: Cofidis | M25: 0:490:49
A26: 25 | B26: 29 | C26: +3:37 | D26: 65 | F26: Climber | G26: 29 | H26: TejadaHaroldXDS Astana Team | I26: XDS Astana Team | M26: 0:510:51
A27: 26 | B27: 25 | C27: +2:32 | D27: 228 | F27: GC | G27: 29 | H27: ParraJosé FélixCaja Rural - Seguros RGA | I27: Caja Rural - Seguros RGA | M27: 0:540:54
A28: 27 | B28: 23 | C28: +2:24 | D28: 198 | F28: GC | G28: 27 | H28: VoisardYannisTudor Pro Cycling Team | I28: Tudor Pro Cycling Team | M28: 1:101:10
... A184: 183 | B184: 182 | C184: +22:34 | D184: 151 | F184: Classic | G184: 24 | H184: De LieArnaudLotto Intermarché | I184: Lotto Intermarché | M184: ,,18:25
A185: DNS | D185: 182 | F185: Climber | G185: 28 | H185: BerthetClémentGroupama - FDJ United | I185: Groupama - FDJ United
A187: Rnk | B187: Prev | C187: ▼▲ | D187: BIB | E187: H2H | F187: Specialty | G187: Age | H187: Rider | I187: Team | J187: UCI | L187: Time | M187: Time won/lost
A188: 1 | B188: 1 | C188: - | D188: 11 | F188: GC | G188: 29 | H188: VingegaardJonasTeam Visma | Lease a Bike | I188: Team Visma | Lease a Bike | J188: 25 | L188: 4:01:484:01:48 | M188: ..
A189: 2 | B189: 3 | C189: ▲1 | D189: 1 | F189: Climber | G189: 27 | H189: PogačarTadejUAE Team Emirates - XRG | I189: UAE Team Emirates - XRG | K189: 6″ | L189: 0:060:06 | M189: ..
A190: 3 | B190: 5 | C190: ▲2 | D190: 21 | F190: Climber | G190: 26 | H190: EvenepoelRemcoRed Bull - BORA - hansgrohe | I190: Red Bull - BORA - hansgrohe | K190: 4″ | L190: 0:150:15 | M190: ..
A191: 4 | B191: 6 | C191: ▲2 | D191: 2 | F191: Climber | G191: 22 | H191: del ToroIsaacUAE Team Emirates - XRG | I191: UAE Team Emirates - XRG | K191: 10″ | L191: 0:160:16 | M191: ..
A192: 5 | B192: 4 | C192: ▼1 | D192: 31 | F192: Climber | G192: 23 | H192: AyusoJuanLidl - Trek | I192: Lidl - Trek | L192: 0:190:19 | M192: ..
A193: 6 | B193: 10 | C193: ▲4 | D193: 51 | F193: Climber | G193: 19 | H193: SeixasPaulDecathlon CMA CGM Team | I193: Decathlon CMA CGM Team | L193: 0:420:42 | M193: ..
A194: 7 | B194: 12 | C194: ▲5 | D194: 181 | F194: Classic | G194: 23 | H194: GrégoireRomainGroupama - FDJ United | I194: Groupama - FDJ United | L194: 0:440:44 | M194: ..
A195: 8 | B195: 8 | C195: - | D195: 25 | F195: GC | G195: 25 | H195: MartinezLennyBahrain - Victorious | I195: Red Bull - BORA - hansgrohe | L195: 0:450:45 | M195: ..
A196: 9 | B196: 15 | C196: ▲6 | D196: 71 | F196: Climber | G196: 22 | H196: LipowitzFlorianRed Bull - BORA - hansgrohe | I196: Bahrain - Victorious | L196: 0:530:53 | M196: ..
A197: 10 | B197: 18 | C197: ▲8 | D197: 171 | F197: Classic | G197: 26 | H197: PidcockTomPinarello Q36.5 Pro Cycling Team | I197: Pinarello Q36.5 Pro Cycling Team | L197: 1:001:00 | M197: ..
A198: 11 | B198: 19 | C198: ▲8 | D198: 97 | F198: GC | G198: 26 | H198: Van WilderIlanSoudal Quick-Step | I198: Soudal Quick-Step | L198: 1:011:01 | M198: ..
A199: 12 | B199: 20 | C199: ▲8 | D199: 121 | F199: Climber | G199: 26 | H199: JohannessenTobias HallandUno-X Mobility | I199: Uno-X Mobility | L199: 1:031:03 | M199: ..
A200: 13 | B200: 17 | C200: ▲4 | D200: 43 | F200: Climber | G200: 25 | H200: BaudinAlexEF Education - EasyPost | I200: EF Education - EasyPost | L200: 1:071:07 | M200: ..
A201: 14 | B201: 9 | C201: ▼5 | D201: 83 | F201: TT | G201: 29 | H201: FossTobiasNetcompany INEOS | I201: Netcompany INEOS | L201: 1:211:21 | M201: ..
A202: 15 | B202: 11 | C202: ▼4 | D202: 101 | F202: Classic | G202: 31 | H202: van der PoelMathieuAlpecin - Premier Tech | I202: Alpecin - Premier Tech | L202: 1:261:26 | M202: ..
A203: 16 | B203: 33 | C203: ▲17 | D203: 35 | F203: Climber | G203: 25 | H203: SkjelmoseMattiasLidl - Trek | I203: Lidl - Trek | L203: 1:361:36 | M203: ..
... A370: 183 | B370: 157 | C370: ▼26 | D370: 53 | F370: Sprint | G370: 30 | H370: BolCeesDecathlon CMA CGM Team | I370: Decathlon CMA CGM Team | L370: 22:3922:39 | M370: ..
A372: Rnk | B372: BIB | C372: H2H | D372: Specialty | E372: Age | F372: Rider | G372: Team | H372: Pnt | I372: Today
A373: 1 | B373: 2 | D373: Climber | E373: 22 | F373: del ToroIsaacUAE Team Emirates - XRG | G373: UAE Team Emirates - XRG | H373: 30 | I373: 30
A374: 2 | B374: 224 | D374: Hills | E374: 26 | F374: MolenaarAlexCaja Rural - Seguros RGA | G374: Caja Rural - Seguros RGA | H374: 25 | I374: 25
A375: 3 | B375: 1 | D375: Climber | E375: 27 | F375: PogačarTadejUAE Team Emirates - XRG | G375: UAE Team Emirates - XRG | H375: 25 | I375: 25
A376: 4 | B376: 21 | D376: Climber | E376: 26 | F376: EvenepoelRemcoRed Bull - BORA - hansgrohe | G376: Red Bull - BORA - hansgrohe | H376: 22 | I376: 22
A377: 5 | B377: 114 | D377: Classic | E377: 25 | F377: EngelhardtFelixTeam Jayco AlUla | G377: Team Jayco AlUla | H377: 20 | I377: 20
A378: 6 | B378: 11 | D378: GC | E378: 29 | F378: VingegaardJonasTeam Visma | Lease a Bike | G378: Team Visma | Lease a Bike | H378: 19 | I378: 19
A379: 7 | B379: 35 | D379: Climber | E379: 25 | F379: SkjelmoseMattiasLidl - Trek | G379: Lidl - Trek | H379: 17 | I379: 17
A380: 8 | B380: 218 | D380: GC | E380: 25 | F380: van den BroekFrankTeam Picnic PostNL | G380: Team Picnic PostNL | H380: 16 | I380: 16
A381: 9 | B381: 121 | D381: Climber | E381: 26 | F381: GirmayBiniamNSN Cycling Team | G381: Uno-X Mobility | H381: 15 | I381: 15
A382: 10 | B382: 131 | D382: Classic | E382: 26 | F382: JohannessenTobias HallandUno-X Mobility | G382: NSN Cycling Team | H382: 14 | I382: 14
A383: 11 | B383: 181 | D383: Classic | E383: 23 | F383: GrégoireRomainGroupama - FDJ United | G383: Groupama - FDJ United | H383: 13 | I383: 13
A384: 12 | B384: 33 | D384: Classic | E384: 30 | F384: PedersenMadsLidl - Trek | G384: Lidl - Trek | H384: 12 | I384: 12
... A402: 30 | B402: 7 | D402: GC | E402: 35 | F402: WellensTimUAE Team Emirates - XRG | G402: UAE Team Emirates - XRG | H402: 1 | I402: 1
A404: Rnk | B404: BIB | C404: H2H | D404: Specialty | E404: Age | F404: Rider | G404: Team | H404: Pnt | I404: Today
A405: 1 | B405: 224 | D405: Hills | E405: 26 | F405: MolenaarAlexCaja Rural - Seguros RGA | G405: Caja Rural - Seguros RGA | H405: 25
A406: 2 | B406: 114 | D406: Classic | E406: 25 | F406: EngelhardtFelixTeam Jayco AlUla | G406: Team Jayco AlUla | H406: 20
A407: 3 | B407: 218 | D407: GC | E407: 25 | F407: van den BroekFrankTeam Picnic PostNL | G407: Team Picnic PostNL | H407: 16
A408: 4 | B408: 131 | D408: Classic | E408: 26 | F408: GirmayBiniamNSN Cycling Team | G408: NSN Cycling Team | H408: 14
A409: 5 | B409: 33 | D409: Classic | E409: 30 | F409: PedersenMadsLidl - Trek | G409: Lidl - Trek | H409: 12
A410: 6 | B410: 105 | D410: Sprint | E410: 28 | F410: PhilipsenJasperAlpecin - Premier Tech | G410: Alpecin - Premier Tech | H410: 10
A411: 7 | B411: 207 | D411: Classic | E411: 32 | F411: TurgisAnthonyTotalEnergies | G411: TotalEnergies | H411: 9
A412: 8 | B412: 91 | D412: Sprint | E412: 33 | F412: MerlierTimSoudal Quick-Step | G412: Soudal Quick-Step | H412: 8
A413: 9 | B413: 64 | D413: Sprint | E413: 28 | F413: KanterMaxXDS Astana Team | G413: XDS Astana Team | H413: 7
A414: 10 | B414: 115 | D414: Classic | E414: 35 | F414: MatthewsMichaelTeam Jayco AlUla | G414: Team Jayco AlUla | H414: 6
A415: 11 | B415: 128 | D415: Classic | E415: 26 | F415: WærenskjoldSørenUno-X Mobility | G415: Uno-X Mobility | H415: 5
A416: 12 | B416: 62 | D416: Classic | E416: 31 | F416: BalleriniDavideXDS Astana Team | G416: XDS Astana Team | H416: 4
... A419: 15 | B419: 7 | D419: GC | E419: 35 | F419: WellensTimUAE Team Emirates - XRG | G419: UAE Team Emirates - XRG | H419: 1
A421: Rnk | B421: BIB | C421: H2H | D421: Specialty | E421: Age | F421: Rider | G421: Team | H421: Pnt | I421: Bonis | J421: Today
A422: 1 | B422: 2 | D422: Climber | E422: 22 | F422: del ToroIsaacUAE Team Emirates - XRG | G422: UAE Team Emirates - XRG | H422: 30 | I422: 10″ | J422: 10
A423: 2 | B423: 1 | D423: Climber | E423: 27 | F423: PogačarTadejUAE Team Emirates - XRG | G423: UAE Team Emirates - XRG | H423: 25 | I423: 6″ | J423: 6
A424: 3 | B424: 21 | D424: Climber | E424: 26 | F424: EvenepoelRemcoRed Bull - BORA - hansgrohe | G424: Red Bull - BORA - hansgrohe | H424: 22 | I424: 4″ | J424: 4
A425: 4 | B425: 11 | D425: GC | E425: 29 | F425: VingegaardJonasTeam Visma | Lease a Bike | G425: Team Visma | Lease a Bike | H425: 19
A426: 5 | B426: 35 | D426: Climber | E426: 25 | F426: SkjelmoseMattiasLidl - Trek | G426: Lidl - Trek | H426: 17
A427: 6 | B427: 121 | D427: Climber | E427: 26 | F427: JohannessenTobias HallandUno-X Mobility | G427: Uno-X Mobility | H427: 15
A428: 7 | B428: 181 | D428: Classic | E428: 23 | F428: GrégoireRomainGroupama - FDJ United | G428: Groupama - FDJ United | H428: 13
A429: 8 | B429: 71 | D429: Climber | E429: 22 | F429: MartinezLennyBahrain - Victorious | G429: Bahrain - Victorious | H429: 11
A430: 9 | B430: 51 | D430: Climber | E430: 19 | F430: SeixasPaulDecathlon CMA CGM Team | G430: Decathlon CMA CGM Team | H430: 9
A431: 10 | B431: 171 | D431: Classic | E431: 26 | F431: PidcockTomPinarello Q36.5 Pro Cycling Team | G431: Pinarello Q36.5 Pro Cycling Team | H431: 7
A432: 11 | B432: 156 | D432: Climber | E432: 24 | F432: Van EetveltLennertLotto Intermarché | G432: Lotto Intermarché | H432: 6
A433: 12 | B433: 31 | D433: Climber | E433: 23 | F433: AyusoJuanLidl - Trek | G433: Lidl - Trek | H433: 5
A434: 13 | B434: 97 | D434: GC | E434: 26 | F434: Van WilderIlanSoudal Quick-Step | G434: Soudal Quick-Step | H434: 4
A435: 14 | B435: 41 | D435: Climber | E435: 33 | F435: CarapazRichardEF Education - EasyPost | G435: EF Education - EasyPost | H435: 3
A436: 15 | B436: 43 | D436: Climber | E436: 25 | F436: BaudinAlexEF Education - EasyPost | G436: EF Education - EasyPost | H436: 2
A438: Rnk | B438: BIB | C438: H2H | D438: Specialty | E438: Age | F438: Rider | G438: Team | H438: Pnt | I438: Today
A439: 1 | B439: 224 | D439: Hills | E439: 26 | F439: MolenaarAlexCaja Rural - Seguros RGA | G439: Caja Rural - Seguros RGA | H439: 5 | I439: 5
A440: 2 | B440: 4 | D440: GC | E440: 28 | F440: McNultyBrandonUAE Team Emirates - XRG | G440: UAE Team Emirates - XRG | H440: 4 | I440: 4
A441: 3 | B441: 114 | D441: Classic | E441: 25 | F441: EngelhardtFelixTeam Jayco AlUla | G441: Team Jayco AlUla | H441: 3 | I441: 3
A442: 4 | B442: 121 | D442: Climber | E442: 26 | F442: JohannessenTobias HallandUno-X Mobility | G442: Uno-X Mobility | H442: 2 | I442: 2
A443: 5 | B443: 218 | D443: GC | E443: 25 | F443: van den BroekFrankTeam Picnic PostNL | G443: Team Picnic PostNL | H443: 2 | I443: 2
A444: 6 | B444: 1 | D444: Climber | E444: 27 | F444: PogačarTadejUAE Team Emirates - XRG | G444: UAE Team Emirates - XRG | H444: 1 | I444: 1
A445: 7 | B445: 41 | D445: Climber | E445: 33 | F445: CarapazRichardEF Education - EasyPost | G445: EF Education - EasyPost | H445: 1 | I445: 1
...

Sheet Stage03
A1: Rnk | B1: GC | C1: Timelag | D1: BIB | E1: H2H | F1: Specialty | G1: Age | H1: Rider | I1: Team | J1: UCI | K1: Pnt | M1: Time
A2: 1 | B2: 1 | C2: +0:00 | D2: 1 | F2: Climber | G2: 27 | H2: PogačarTadejUAE Team Emirates - XRG | I2: UAE Team Emirates - XRG | J2: 210 | K2: 100 | L2: 10″ | M2: 4:45:114:45:11
A3: 2 | B3: 2 | C3: +0:00 | D3: 11 | F3: GC | G3: 29 | H3: VingegaardJonasTeam Visma | Lease a Bike | I3: Team Visma | Lease a Bike | J3: 150 | K3: 70 | L3: 6″ | M3: 0:020:02
A4: 3 | B4: 12 | C4: +1:45 | D4: 41 | F4: Climber | G4: 33 | H4: CarapazRichardEF Education - EasyPost | I4: EF Education - EasyPost | J4: 110 | K4: 50 | L4: 4″ | M4: ,,0:02
A5: 4 | B5: 6 | C5: +0:48 | D5: 51 | F5: Climber | G5: 19 | H5: SeixasPaulDecathlon CMA CGM Team | I5: Decathlon CMA CGM Team | J5: 90 | K5: 40 | M5: ,,0:02
A6: 5 | B6: 9 | C6: +1:11 | D6: 121 | F6: Climber | G6: 26 | H6: JohannessenTobias HallandUno-X Mobility | I6: Uno-X Mobility | J6: 70 | K6: 32 | M6: 0:040:04
A7: 6 | B7: 13 | C7: +1:47 | D7: 156 | F7: Climber | G7: 24 | H7: Van EetveltLennertLotto Intermarché | I7: Lotto Intermarché | J7: 55 | K7: 26 | M7: ,,0:04
A8: 7 | B8: 7 | C8: +0:53 | D8: 25 | F8: GC | G8: 25 | H8: LipowitzFlorianRed Bull - BORA - hansgrohe | I8: Red Bull - BORA - hansgrohe | J8: 45 | K8: 22 | M8: ,,0:04
A9: 8 | B9: 3 | C9: +0:23 | D9: 21 | F9: GC | G9: 26 | H9: del ToroIsaacUAE Team Emirates - XRG | I9: Red Bull - BORA - hansgrohe | J9: 40 | K9: 18 | M9: ,,0:04
A10: 9 | B10: 4 | C10: +0:24 | D10: 2 | F10: GC | G10: 22 | H10: EvenepoelRemcoRed Bull - BORA - hansgrohe | I10: UAE Team Emirates - XRG | J10: 35 | K10: 14 | M10: ,,0:04
A11: 10 | B11: 5 | C11: +0:27 | D11: 31 | F11: GC | G11: 23 | H11: AyusoJuanLidl - Trek | I11: Lidl - Trek | J11: 30 | K11: 10 | M11: ,,0:04
A12: 11 | B12: 14 | C12: +1:50 | D12: 35 | F12: GC | G12: 25 | H12: SkjelmoseMattiasLidl - Trek | I12: Lidl - Trek | J12: 25 | K12: 8 | M12: 0:100:10
A13: 12 | B13: 10 | C13: +1:17 | D13: 97 | F13: GC | G13: 26 | H13: Van WilderIlanSoudal Quick-Step | I13: Soudal Quick-Step | J13: 20 | K13: 6 | M13: 0:120:12
A14: 13 | B14: 8 | C14: +1:09 | D14: 71 | F14: Climber | G14: 22 | H14: MartinezLennyBahrain - Victorious | I14: Bahrain - Victorious | J14: 15 | K14: 4 | M14: ,,0:12
A15: 14 | B15: 17 | C15: +2:28 | D15: 201 | F15: Climber | G15: 27 | H15: JegatJordanTotalEnergies | I15: TotalEnergies | J15: 10 | K15: 2 | M15: ,,0:12
A16: 15 | B16: 18 | C16: +3:23 | D16: 61 | F16: GC | G16: 28 | H16: PidcockTomPinarello Q36.5 Pro Cycling Team | I16: XDS Astana Team | J16: 5 | K16: 1 | M16: 0:180:18
A17: 16 | B17: 11 | C17: +1:22 | D17: 171 | F17: Classic | G17: 26 | H17: HiguitaSergioXDS Astana Team | I17: Pinarello Q36.5 Pro Cycling Team | M17: ,,0:18
A18: 17 | B18: 21 | C18: +4:15 | D18: 81 | F18: GC | G18: 29 | H18: BernalEganNetcompany INEOS | I18: Netcompany INEOS | M18: ,,0:18
A19: 18 | B19: 27 | C19: +5:45 | D19: 52 | F19: Classic | G19: 32 | H19: BenootTiesjDecathlon CMA CGM Team | I19: Decathlon CMA CGM Team | M19: 0:270:27
A20: 19 | B20: 16 | C20: +2:19 | D20: 82 | F20: GC | G20: 26 | H20: ArensmanThymenNetcompany INEOS | I20: Netcompany INEOS | M20: ,,0:27
A21: 20 | B21: 15 | C21: +2:15 | D21: 18 | F21: GC | G21: 23 | H21: PiganzoliDavideTeam Visma | Lease a Bike | I21: Team Visma | Lease a Bike | M21: 0:330:33
A22: 21 | B22: 30 | C22: +7:17 | D22: 77 | F22: GC | G22: 25 | H22: TiberiAntonioBahrain - Victorious | I22: Bahrain - Victorious | M22: 0:420:42
A23: 22 | B23: 37 | C23: +13:12 | D23: 102 | F23: Climber | G23: 23 | H23: DebruyneRamsesAlpecin - Premier Tech | I23: Alpecin - Premier Tech | M23: 0:480:48
A24: 23 | B24: 28 | C24: +6:00 | D24: 8 | F24: Climber | G24: 33 | H24: YatesAdamUAE Team Emirates - XRG | I24: UAE Team Emirates - XRG | M24: 0:500:50
A25: 24 | B25: 32 | C25: +9:44 | D25: 17 | F25: Climber | G25: 31 | H25: KussSeppTeam Visma | Lease a Bike | I25: Team Visma | Lease a Bike | M25: ,,0:50
A26: 25 | B26: 23 | C26: +4:38 | D26: 65 | F26: GC | G26: 29 | H26: TejadaHaroldXDS Astana Team | I26: XDS Astana Team | M26: 0:570:57
A27: 26 | B27: 43 | C27: +16:28 | D27: 142 | F27: Climber | G27: 25 | H27: CastrilloPabloMovistar Team | I27: Movistar Team | M27: 1:001:00
A28: 27 | B28: 19 | C28: +3:24 | D28: 141 | F28: GC | G28: 23 | H28: UijtdebroeksCianMovistar Team | I28: Movistar Team | M28: ,,1:00
... A183: 182 | B183: 178 | C183: +59:01 | D183: 192 | F183: Sprint | G183: 32 | H183: de KleijnArvidTudor Pro Cycling Team | I183: Tudor Pro Cycling Team | M183: 41:1641:16
A184: DNF | D184: 151 | F184: Classic | G184: 24 | H184: De LieArnaudLotto Intermarché | I184: Lotto Intermarché
A186: Rnk | B186: Prev | C186: ▼▲ | D186: BIB | E186: H2H | F186: Specialty | G186: Age | H186: Rider | I186: Team | J186: UCI | K186: Pnt | M186: Time | N186: Time won/lost
A187: 1 | B187: 2 | C187: ▲1 | D187: 1 | F187: Climber | G187: 27 | H187: PogačarTadejUAE Team Emirates - XRG | I187: UAE Team Emirates - XRG | J187: 25 | K187: 500 | L187: 16″ | M187: 8:46:558:46:55 | N187: ..
A188: 2 | B188: 1 | C188: ▼1 | D188: 11 | F188: GC | G188: 29 | H188: VingegaardJonasTeam Visma | Lease a Bike | I188: Team Visma | Lease a Bike | K188: 380 | L188: 6″ | M188: ,,0:00 | N188: ..
A189: 3 | B189: 3 | C189: - | D189: 21 | F189: GC | G189: 26 | H189: EvenepoelRemcoRed Bull - BORA - hansgrohe | I189: Red Bull - BORA - hansgrohe | K189: 340 | L189: 4″ | M189: 0:230:23 | N189: ..
A190: 4 | B190: 4 | C190: - | D190: 2 | F190: GC | G190: 22 | H190: del ToroIsaacUAE Team Emirates - XRG | I190: UAE Team Emirates - XRG | K190: 300 | L190: 10″ | M190: 0:240:24 | N190: ..
A191: 5 | B191: 5 | C191: - | D191: 31 | F191: GC | G191: 23 | H191: AyusoJuanLidl - Trek | I191: Lidl - Trek | K191: 280 | M191: 0:270:27 | N191: ..
A192: 6 | B192: 6 | C192: - | D192: 51 | F192: Climber | G192: 19 | H192: SeixasPaulDecathlon CMA CGM Team | I192: Decathlon CMA CGM Team | K192: 260 | M192: 0:480:48 | N192: ..
A193: 7 | B193: 8 | C193: ▲1 | D193: 25 | F193: GC | G193: 25 | H193: LipowitzFlorianRed Bull - BORA - hansgrohe | I193: Red Bull - BORA - hansgrohe | K193: 240 | M193: 0:530:53 | N193: ..
A194: 8 | B194: 9 | C194: ▲1 | D194: 71 | F194: Climber | G194: 22 | H194: JohannessenTobias HallandUno-X Mobility | I194: Bahrain - Victorious | K194: 220 | M194: 1:091:09 | N194: ..
A195: 9 | B195: 12 | C195: ▲3 | D195: 121 | F195: Climber | G195: 26 | H195: MartinezLennyBahrain - Victorious | I195: Uno-X Mobility | K195: 210 | M195: 1:111:11 | N195: ..
A196: 10 | B196: 11 | C196: ▲1 | D196: 97 | F196: GC | G196: 26 | H196: Van WilderIlanSoudal Quick-Step | I196: Soudal Quick-Step | K196: 200 | M196: 1:171:17 | N196: ..
A197: 11 | B197: 10 | C197: ▼1 | D197: 171 | F197: Classic | G197: 26 | H197: PidcockTomPinarello Q36.5 Pro Cycling Team | I197: Pinarello Q36.5 Pro Cycling Team | K197: 190 | M197: 1:221:22 | N197: ..
A198: 12 | B198: 19 | C198: ▲7 | D198: 41 | F198: Climber | G198: 33 | H198: CarapazRichardEF Education - EasyPost | I198: EF Education - EasyPost | K198: 180 | L198: 4″ | M198: 1:451:45 | N198: ..
A199: 13 | B199: 18 | C199: ▲5 | D199: 156 | F199: Climber | G199: 24 | H199: Van EetveltLennertLotto Intermarché | I199: Lotto Intermarché | K199: 170 | M199: 1:471:47 | N199: ..
A200: 14 | B200: 16 | C200: ▲2 | D200: 35 | F200: GC | G200: 25 | H200: SkjelmoseMattiasLidl - Trek | I200: Lidl - Trek | K200: 160 | M200: 1:501:50 | N200: ..
A201: 15 | B201: 17 | C201: ▲2 | D201: 18 | F201: GC | G201: 23 | H201: PiganzoliDavideTeam Visma | Lease a Bike | I201: Team Visma | Lease a Bike | K201: 150 | M201: 2:152:15 | N201: ..
A202: 16 | B202: 20 | C202: ▲4 | D202: 82 | F202: GC | G202: 26 | H202: ArensmanThymenNetcompany INEOS | I202: Netcompany INEOS | K202: 140 | M202: 2:192:19 | N202: ..
A203: 17 | B203: 21 | C203: ▲4 | D203: 201 | F203: Climber | G203: 27 | H203: JegatJordanTotalEnergies | I203: TotalEnergies | K203: 130 | M203: 2:282:28 | N203: ..
A204: 18 | B204: 26 | C204: ▲8 | D204: 61 | F204: GC | G204: 28 | H204: HiguitaSergioXDS Astana Team | I204: XDS Astana Team | K204: 120 | M204: 3:233:23 | N204: ..
A205: 19 | B205: 22 | C205: ▲3 | D205: 141 | F205: GC | G205: 23 | H205: VoisardYannisTudor Pro Cycling Team | I205: Movistar Team | K205: 110 | M205: 3:243:24 | N205: ..
A206: 20 | B206: 23 | C206: ▲3 | D206: 198 | F206: GC | G206: 27 | H206: UijtdebroeksCianMovistar Team | I206: Tudor Pro Cycling Team | K206: 100 | M206: 3:503:50 | N206: ..
A207: 21 | B207: 31 | C207: ▲10 | D207: 81 | F207: GC | G207: 29 | H207: BernalEganNetcompany INEOS | I207: Netcompany INEOS | K207: 95 | M207: 4:154:15 | N207: ..
A208: 22 | B208: 25 | C208: ▲3 | D208: 228 | F208: GC | G208: 29 | H208: ParraJosé FélixCaja Rural - Seguros RGA | I208: Caja Rural - Seguros RGA | K208: 90 | M208: 4:214:21 | N208: ..
A209: 23 | B209: 29 | C209: ▲6 | D209: 65 | F209: GC | G209: 29 | H209: TejadaHaroldXDS Astana Team | I209: XDS Astana Team | K209: 85 | M209: 4:384:38 | N209: ..
A210: 24 | B210: 28 | C210: ▲4 | D210: 127 | F210: GC | G210: 30 | H210: TræenTorsteinUno-X Mobility | I210: Uno-X Mobility | K210: 80 | M210: 5:065:06 | N210: ..
... A368: 182 | B368: 180 | C368: ▼2 | D368: 116 | F368: Classic | G368: 28 | H368: O'BrienKellandTeam Jayco AlUla | I368: Team Jayco AlUla | K368: 25 | M368: 1:00:571:00:57 | N368: ..
A370: Rnk | B370: Prev | C370: ▼▲ | D370: BIB | E370: H2H | F370: Specialty | G370: Age | H370: Rider | I370: Team | J370: Pnt | K370: Today
A371: 1 | B371: 3 | C371: ▲2 | D371: 1 | F371: Climber | G371: 27 | H371: PogačarTadejUAE Team Emirates - XRG | I371: UAE Team Emirates - XRG | J371: 55 | K371: 30
A372: 2 | B372: 6 | C372: ▲4 | D372: 11 | F372: GC | G372: 29 | H372: VingegaardJonasTeam Visma | Lease a Bike | I372: Team Visma | Lease a Bike | J372: 44 | K372: 25
A373: 3 | B373: 1 | C373: ▼2 | D373: 2 | F373: GC | G373: 22 | H373: del ToroIsaacUAE Team Emirates - XRG | I373: UAE Team Emirates - XRG | J373: 39 | K373: 9
A374: 4 | B374: 12 | C374: ▲8 | D374: 33 | F374: Classic | G374: 30 | H374: PedersenMadsLidl - Trek | I374: Lidl - Trek | J374: 37 | K374: 25
A375: 5 | B375: 4 | C375: ▼1 | D375: 21 | F375: GC | G375: 26 | H375: EvenepoelRemcoRed Bull - BORA - hansgrohe | I375: Red Bull - BORA - hansgrohe | J375: 33 | K375: 11
A376: 6 | B376: 9 | C376: ▲3 | D376: 121 | F376: Climber | G376: 26 | H376: JohannessenTobias HallandUno-X Mobility | I376: Uno-X Mobility | J376: 32 | K376: 17
A377: 7 | B377: 15 | C377: ▲8 | D377: 51 | F377: Climber | G377: 19 | H377: SeixasPaulDecathlon CMA CGM Team | I377: Decathlon CMA CGM Team | J377: 28 | K377: 19
A378: 8 | B378: 2 | C378: ▼6 | D378: 224 | F378: Hills | G378: 26 | H378: MolenaarAlexCaja Rural - Seguros RGA | I378: Caja Rural - Seguros RGA | J378: 25
A379: 9 | B379: 26 | C379: ▲17 | D379: 41 | F379: Climber | G379: 33 | H379: SkjelmoseMattiasLidl - Trek | I379: EF Education - EasyPost | J379: 25 | K379: 22
A380: 10 | B380: 7 | C380: ▼3 | D380: 35 | F380: GC | G380: 25 | H380: CarapazRichardEF Education - EasyPost | I380: Lidl - Trek | J380: 23 | K380: 6
A381: 11 | B381: 20 | C381: ▲9 | D381: 156 | F381: Climber | G381: 24 | H381: Van EetveltLennertLotto Intermarché | I381: Lotto Intermarché | J381: 21 | K381: 15
A382: 12 | D382: 203 | F382: GC | G382: 25 | H382: DelboveJorisTotalEnergies | I382: TotalEnergies | J382: 20 | K382: 20
A383: 13 | B383: 5 | C383: ▼8 | D383: 114 | F383: Classic | G383: 25 | H383: EngelhardtFelixTeam Jayco AlUla | I383: Team Jayco AlUla | J383: 20
A384: 14 | B384: 28 | C384: ▲14 | D384: 43 | F384: GC | G384: 25 | H384: BaudinAlexEF Education - EasyPost | I384: EF Education - EasyPost | J384: 18 | K384: 16
A385: 15 | B385: 8 | C385: ▼7 | D385: 218 | F385: GC | G385: 25 | H385: van den BroekFrankTeam Picnic PostNL | I385: Team Picnic PostNL | J385: 16
A386: 16 | B386: 13 | C386: ▼3 | D386: 71 | F386: Climber | G386: 22 | H386: MartinezLennyBahrain - Victorious | I386: Bahrain - Victorious | J386: 15 | K386: 4
A387: 17 | B387: 10 | C387: ▼7 | D387: 131 | F387: Classic | G387: 26 | H387: GirmayBiniamNSN Cycling Team | I387: NSN Cycling Team | J387: 14
A388: 18 | D388: 196 | F388: Climber | G388: 29 | H388: StorerMichaelTudor Pro Cycling Team | I388: Tudor Pro Cycling Team | J388: 14 | K388: 14
A389: 19 | D389: 25 | F389: GC | G389: 25 | H389: LipowitzFlorianRed Bull - BORA - hansgrohe | I389: Red Bull - BORA - hansgrohe | J389: 13 | K389: 13
A390: 20 | B390: 11 | C390: ▼9 | D390: 181 | F390: Classic | G390: 23 | H390: GrégoireRomainGroupama - FDJ United | I390: Groupama - FDJ United | J390: 13
A391: 21 | B391: 22 | C391: ▲1 | D391: 31 | F391: GC | G391: 23 | H391: AyusoJuanLidl - Trek | I391: Lidl - Trek | J391: 12 | K391: 7
A392: 22 | D392: 208 | F392: Hills | G392: 25 | H392: VercherMattéoTotalEnergies | I392: TotalEnergies | J392: 12 | K392: 12
A393: 23 | D393: 65 | F393: GC | G393: 29 | H393: TejadaHaroldXDS Astana Team | I393: XDS Astana Team | J393: 10 | K393: 10
A394: 24 | B394: 14 | C394: ▼10 | D394: 105 | F394: Sprint | G394: 28 | H394: PhilipsenJasperAlpecin - Premier Tech | I394: Alpecin - Premier Tech | J394: 10
A395: 25 | B395: 24 | C395: ▼1 | D395: 97 | F395: GC | G395: 26 | H395: Van WilderIlanSoudal Quick-Step | I395: Soudal Quick-Step | J395: 9 | K395: 5
A396: 26 | D396: 117 | F396: GC | G396: 25 | H396: PlappLukeTeam Jayco AlUla | I396: Team Jayco AlUla | J396: 9 | K396: 9
A397: 27 | B397: 16 | C397: ▼11 | D397: 207 | F397: Classic | G397: 32 | H397: TurgisAnthonyTotalEnergies | I397: TotalEnergies | J397: 9
A398: 28 | D398: 124 | F398: Hills | G398: 33 | H398: CortMagnusUno-X Mobility | I398: Uno-X Mobility | J398: 8 | K398: 8
A399: 29 | B399: 17 | C399: ▼12 | D399: 91 | F399: Sprint | G399: 33 | H399: MerlierTimSoudal Quick-Step | I399: Soudal Quick-Step | J399: 8
A400: 30 | B400: 18 | C400: ▼12 | D400: 171 | F400: Classic | G400: 26 | H400: PidcockTomPinarello Q36.5 Pro Cycling Team | I400: Pinarello Q36.5 Pro Cycling Team | J400: 7
A401: 31 | B401: 19 | C401: ▼12 | D401: 64 | F401: Sprint | G401: 28 | H401: KanterMaxXDS Astana Team | I401: XDS Astana Team | J401: 7
A402: 32 | D402: 146 | F402: TT | G402: 37 | H402: OliveiraNelsonMovistar Team | I402: Movistar Team | J402: 7 | K402: 7
A403: 33 | B403: 21 | C403: ▼12 | D403: 115 | F403: Classic | G403: 35 | H403: MatthewsMichaelTeam Jayco AlUla | I403: Team Jayco AlUla | J403: 6
A404: 34 | D404: 222 | F404: GC | G404: 25 | H404: BalderstoneAbelCaja Rural - Seguros RGA | I404: Caja Rural - Seguros RGA | J404: 6 | K404: 6
A405: 35 | B405: 23 | C405: ▼12 | D405: 128 | F405: Classic | G405: 26 | H405: WærenskjoldSørenUno-X Mobility | I405: Uno-X Mobility | J405: 5
A406: 36 | D406: 118 | F406: Hills | G406: 26 | H406: SchmidMauroTeam Jayco AlUla | I406: Team Jayco AlUla | J406: 5 | K406: 5
A407: 37 | B407: 25 | C407: ▼12 | D407: 62 | F407: Classic | G407: 31 | H407: BalleriniDavideXDS Astana Team | I407: XDS Astana Team | J407: 4
A408: 38 | D408: 78 | F408: Sprint | G408: 22 | H408: Van MechelenVladBahrain - Victorious | I408: Bahrain - Victorious | J408: 4 | K408: 4
A409: 39 | D409: 201 | F409: Climber | G409: 27 | H409: JegatJordanTotalEnergies | I409: TotalEnergies | J409: 3 | K409: 3
A410: 40 | D410: 183 | F410: Climber | G410: 26 | H410: Braz AfonsoClémentGroupama - FDJ United | I410: Groupama - FDJ United | J410: 3 | K410: 3
A411: 41 | B411: 27 | C411: ▼14 | D411: 6 | F411: Classic | G411: 27 | H411: VermeerschFlorianUAE Team Emirates - XRG | I411: UAE Team Emirates - XRG | J411: 3
A412: 42 | D412: 61 | F412: GC | G412: 28 | H412: HiguitaSergioXDS Astana Team | I412: XDS Astana Team | J412: 2 | K412: 2
A413: 43 | B413: 29 | C413: ▼14 | D413: 94 | F413: Classic | G413: 34 | H413: StuyvenJasperSoudal Quick-Step | I413: Soudal Quick-Step | J413: 2
...

Sheet Stage04
A1: Rnk | B1: GC | C1: Timelag | D1: BIB | E1: H2H | F1: Specialty | G1: Age | H1: Rider | I1: Team | J1: UCI | K1: Pnt | M1: Time
A2: 1 | B2: 78 | C2: +37:34 | D2: 33 | F2: Classic | G2: 30 | H2: PedersenMads Lidl – Trek | I2: Lidl - Trek | J2: 210 | K2: 100 | L2: 10″ | M2: 4:10:454:10:45
A3: 2 | B3: 36 | C3: +16:00 | D3: 34 | F3: Hills | G3: 25 | H3: SimmonsQuinn Lidl - Trek | I3: Lidl - Trek | J3: 150 | K3: 70 | L3: 6″ | M3: ,,0:00
A4: 3 | B4: 25 | C4: +11:34 | D4: 144 | F4: Hills | G4: 25 | H4: García PiernaRaúl Movistar Team | I4: Movistar Team | J4: 110 | K4: 50 | L4: 4″ | M4: ,,0:00
A5: 4 | B5: 63 | C5: +32:54 | D5: 134 | F5: Climber | G5: 26 | H5: FrigoMarco NSN Cycling Team | I5: NSN Cycling Team | J5: 90 | K5: 40 | M5: ,,0:00
A6: 5 | B6: 6 | C6: +8:06 | D6: 102 | F6: Climber | G6: 23 | H6: DebruyneRamses Alpecin - Premier Tech | I6: Alpecin - Premier Tech | J6: 70 | K6: 32 | M6: ,,0:00
A7: 6 | B7: 37 | C7: +16:39 | D7: 88 | F7: GC | G7: 25 | H7: VauquelinKévin Netcompany INEOS | I7: Netcompany INEOS | J7: 55 | K7: 26 | M7: ,,0:00
A8: 7 | B8: 2 | C8: +0:28 | D8: 45 | F8: Climber | G8: 26 | H8: QuinnSean EF Education - EasyPost | I8: EF Education - EasyPost | J8: 45 | K8: 22 | M8: ,,0:00
A9: 8 | B9: 1 | C9: +0:00 | D9: 127 | F9: GC | G9: 30 | H9: TræenTorstein Uno-X Mobility | I9: Uno-X Mobility | J9: 40 | K9: 18 | M9: ,,0:00
A10: 9 | B10: 24 | C10: +11:22 | D10: 142 | F10: Climber | G10: 25 | H10: VacekMathias Lidl - Trek | I10: Movistar Team | J10: 35 | K10: 14 | M10: ,,0:00
A11: 10 | B11: 3 | C11: +3:50 | D11: 37 | F11: TT | G11: 24 | H11: CastrilloPablo Movistar Team | I11: Lidl - Trek | J11: 30 | K11: 10 | M11: ,,0:00
A12: 11 | B12: 58 | C12: +30:10 | D12: 115 | F12: Classic | G12: 35 | H12: MatthewsMichael Team Jayco AlUla | I12: Team Jayco AlUla | J12: 25 | K12: 8 | M12: 2:272:27
A13: 12 | B13: 62 | C13: +32:53 | D13: 204 | F13: Classic | G13: 28 | H13: DelettreAlexandre TotalEnergies | I13: TotalEnergies | J13: 20 | K13: 6 | M13: ,,2:27
A14: 13 | B14: 55 | C14: +28:52 | D14: 78 | F14: Sprint | G14: 22 | H14: Van MechelenVlad Bahrain - Victorious | I14: Bahrain - Victorious | J14: 15 -25 | K14: 4 | M14: ,,2:27
A15: 14 | B15: 66 | C15: +34:35 | D15: 94 | F15: Classic | G15: 34 | H15: StuyvenJasper Soudal Quick-Step | I15: Soudal Quick-Step | J15: 10 | K15: 2 | M15: ,,2:27
A16: 15 | B16: 124 | C16: +49:00 | D16: 224 | F16: Hills | G16: 26 | H16: MolenaarAlex Caja Rural - Seguros RGA | I16: Caja Rural - Seguros RGA | J16: 5 | K16: 1 | M16: ,,2:27
A17: 16 | B17: 79 | C17: +37:40 | D17: 218 | F17: GC | G17: 25 | H17: van den BroekFrank Team Picnic PostNL | I17: Team Picnic PostNL | M17: ,,2:27
A18: 17 | B18: 59 | C18: +31:17 | D18: 158 | F18: Classic | G18: 28 | H18: ZimmermannGeorg Lotto Intermarché | I18: Lotto Intermarché | M18: ,,2:27
A19: 18 | B19: 44 | C19: +19:40 | D19: 174 | F19: Hills | G19: 30 | H19: HermansQuinten Pinarello Q36.5 Pro Cycling Team | I19: Pinarello Q36.5 Pro Cycling Team | M19: ,,2:27
A20: 19 | B20: 76 | C20: +37:22 | D20: 225 | F20: Hills | G20: 28 | H20: NicolauJoel Caja Rural - Seguros RGA | I20: Caja Rural - Seguros RGA | M20: ,,2:27
A21: 20 | B21: 31 | C21: +13:28 | D21: 161 | F21: GC | G21: 37 | H21: IzagirreIon Cofidis | I21: Cofidis | M21: ,,2:27
A22: 21 | B22: 83 | C22: +39:10 | D22: 23 | F22: Hills | G22: 32 | H22: DenzNico Red Bull - BORA - hansgrohe | I22: Red Bull - BORA - hansgrohe | M22: ,,2:27
A23: 22 | B23: 41 | C23: +18:27 | D23: 181 | F23: Classic | G23: 23 | H23: GrégoireRomain Groupama - FDJ United | I23: Groupama - FDJ United | M23: ,,2:27
A24: 23 | B24: 74 | C24: +37:04 | D24: 92 | F24: Classic | G24: 29 | H24: EenkhoornPascal Soudal Quick-Step | I24: Soudal Quick-Step | M24: 7:547:54
A25: 24 | B25: 130 | C25: +50:40 | D25: 166 | F25: TT | G25: 34 | H25: KirschAlex Cofidis | I25: Cofidis | M25: ,,7:54
A26: 25 | B26: 102 | C26: +44:48 | D26: 177 | F26: Classic | G26: 28 | H26: Van MoerBrent Pinarello Q36.5 Pro Cycling Team | I26: Pinarello Q36.5 Pro Cycling Team | M26: 7:587:58
A27: 26 | B27: 103 | C27: +45:11 | D27: 26 | F27: TT | G27: 36 | H27: TratnikJan Red Bull - BORA - hansgrohe | I27: Red Bull - BORA - hansgrohe | M27: ,,7:58
A28: 27 | B28: 95 | C28: +43:49 | D28: 47 | F28: Classic | G28: 34 | H28: ValgrenMichael EF Education - EasyPost | I28: EF Education - EasyPost | M28: ,,7:58
... A182: 181 | B182: 180 | C182: +1:19:08 | D182: 192 | F182: Sprint | G182: 32 | H182: de KleijnArvidTudor Pro Cycling Team | I182: Tudor Pro Cycling Team | M182: ,,25:13
A183: OTL | D183: 116 | F183: Classic | G183: 28 | H183: O'BrienKellandTeam Jayco AlUla | I183: Team Jayco AlUla | M183: 46:0246:02
A185: Rnk | B185: Prev | C185: ▼▲ | D185: BIB | E185: H2H | F185: Specialty | G185: Age | H185: Rider | I185: Team | J185: UCI | L185: Time | M185: Time won/lost
A186: 1 | B186: 24 | C186: ▲23 | D186: 127 | F186: GC | G186: 30 | H186: TræenTorsteinUno-X Mobility | I186: Uno-X Mobility | J186: 25 | L186: 13:02:46 13:02:46 | M186: ..
A187: 2 | B187: 26 | C187: ▲24 | D187: 45 | F187: Climber | G187: 26 | H187: QuinnSeanEF Education - EasyPost | I187: EF Education - EasyPost | L187: 0:280:28 | M187: ..
A188: 3 | B188: 31 | C188: ▲28 | D188: 37 | F188: TT | G188: 24 | H188: VacekMathiasLidl - Trek | I188: Lidl - Trek | L188: 3:503:50 | M188: ..
A189: 4 | B189: 1 | C189: ▼3 | D189: 1 | F189: Climber | G189: 27 | H189: PogačarTadejUAE Team Emirates - XRG | I189: UAE Team Emirates - XRG | K189: 16″ | L189: 7:537:53 | M189: ..
A190: 5 | B190: 2 | C190: ▼3 | D190: 11 | F190: GC | G190: 29 | H190: VingegaardJonasTeam Visma | Lease a Bike | I190: Team Visma | Lease a Bike | K190: 6″ | L190: ,,7:53 | M190: ..
A191: 6 | B191: 37 | C191: ▲31 | D191: 102 | F191: Climber | G191: 23 | H191: EvenepoelRemcoRed Bull - BORA - hansgrohe | I191: Alpecin - Premier Tech | L191: 8:068:06 | M191: ..
A192: 7 | B192: 3 | C192: ▼4 | D192: 21 | F192: Climber | G192: 26 | H192: DebruyneRamsesAlpecin - Premier Tech | I192: Red Bull - BORA - hansgrohe | K192: 4″ | L192: 8:168:16 | M192: ..
A193: 8 | B193: 4 | C193: ▼4 | D193: 2 | F193: Climber | G193: 22 | H193: del ToroIsaacUAE Team Emirates - XRG | I193: UAE Team Emirates - XRG | K193: 10″ | L193: 8:178:17 | M193: ..
A194: 9 | B194: 5 | C194: ▼4 | D194: 31 | F194: Climber | G194: 23 | H194: AyusoJuanLidl - Trek | I194: Lidl - Trek | L194: 8:208:20 | M194: ..
A195: 10 | B195: 6 | C195: ▼4 | D195: 51 | F195: Climber | G195: 19 | H195: SeixasPaulDecathlon CMA CGM Team | I195: Decathlon CMA CGM Team | L195: 8:418:41 | M195: ..
A196: 11 | B196: 7 | C196: ▼4 | D196: 25 | F196: GC | G196: 25 | H196: LipowitzFlorianRed Bull - BORA - hansgrohe | I196: Red Bull - BORA - hansgrohe | L196: 8:468:46 | M196: ..
A197: 12 | B197: 8 | C197: ▼4 | D197: 71 | F197: Climber | G197: 22 | H197: MartinezLennyBahrain - Victorious | I197: Bahrain - Victorious | L197: 9:029:02 | M197: ..
A198: 13 | B198: 9 | C198: ▼4 | D198: 121 | F198: Climber | G198: 26 | H198: JohannessenTobias HallandUno-X Mobility | I198: Uno-X Mobility | L198: 9:049:04 | M198: ..
A199: 14 | B199: 10 | C199: ▼4 | D199: 97 | F199: GC | G199: 26 | H199: Van WilderIlanSoudal Quick-Step | I199: Soudal Quick-Step | L199: 9:109:10 | M199: ..
A200: 15 | B200: 11 | C200: ▼4 | D200: 171 | F200: Classic | G200: 26 | H200: CarapazRichardEF Education - EasyPost | I200: Pinarello Q36.5 Pro Cycling Team | L200: 9:159:15 | M200: ..
A201: 16 | B201: 12 | C201: ▼4 | D201: 41 | F201: Climber | G201: 33 | H201: PidcockTomPinarello Q36.5 Pro Cycling Team | I201: EF Education - EasyPost | K201: 4″ | L201: 9:389:38 | M201: ..
A202: 17 | B202: 13 | C202: ▼4 | D202: 156 | F202: Climber | G202: 24 | H202: Van EetveltLennertLotto Intermarché | I202: Lotto Intermarché | L202: 9:409:40 | M202: ..
A203: 18 | B203: 14 | C203: ▼4 | D203: 35 | F203: Climber | G203: 25 | H203: SkjelmoseMattiasLidl - Trek | I203: Lidl - Trek | L203: 9:439:43 | M203: ..
A204: 19 | B204: 15 | C204: ▼4 | D204: 18 | F204: GC | G204: 23 | H204: PiganzoliDavideTeam Visma | Lease a Bike | I204: Team Visma | Lease a Bike | L204: 10:0810:08 | M204: ..
A205: 20 | B205: 16 | C205: ▼4 | D205: 82 | F205: GC | G205: 26 | H205: ArensmanThymenNetcompany INEOS | I205: Netcompany INEOS | L205: 10:1210:12 | M205: ..
A206: 21 | B206: 17 | C206: ▼4 | D206: 201 | F206: Climber | G206: 27 | H206: JegatJordanTotalEnergies | I206: TotalEnergies | L206: 10:2110:21 | M206: ..
A207: 22 | B207: 18 | C207: ▼4 | D207: 61 | F207: Climber | G207: 28 | H207: HiguitaSergioXDS Astana Team | I207: XDS Astana Team | L207: 11:1611:16 | M207: ..
A208: 23 | B208: 19 | C208: ▼4 | D208: 141 | F208: GC | G208: 23 | H208: UijtdebroeksCianMovistar Team | I208: Movistar Team | L208: 11:1711:17 | M208: ..
A209: 24 | B209: 43 | C209: ▲19 | D209: 142 | F209: Climber | G209: 25 | H209: CastrilloPabloMovistar Team | I209: Movistar Team | L209: 11:2211:22 | M209: ..
A210: 25 | B210: 45 | C210: ▲20 | D210: 144 | F210: Hills | G210: 25 | H210: García PiernaRaúlMovistar Team | I210: Movistar Team | K210: 4″ | L210: 11:3411:34 | M210: ..
A211: 26 | B211: 20 | C211: ▼6 | D211: 198 | F211: GC | G211: 27 | H211: VoisardYannisTudor Pro Cycling Team | I211: Tudor Pro Cycling Team | L211: 11:4311:43 | M211: ..
A212: 27 | B212: 21 | C212: ▼6 | D212: 81 | F212: GC | G212: 29 | H212: BernalEganNetcompany INEOS | I212: Netcompany INEOS | L212: 12:0812:08 | M212: ..
A213: 28 | B213: 22 | C213: ▼6 | D213: 228 | F213: GC | G213: 29 | H213: ParraJosé FélixCaja Rural - Seguros RGA | I213: Caja Rural - Seguros RGA | L213: 12:1412:14 | M213: ..
A214: 29 | B214: 23 | C214: ▼6 | D214: 65 | F214: Climber | G214: 29 | H214: BaudinAlexEF Education - EasyPost | I214: XDS Astana Team | L214: 12:3112:31 | M214: ..
A215: 30 | B215: 25 | C215: ▼5 | D215: 43 | F215: Climber | G215: 25 | H215: TejadaHaroldXDS Astana Team | I215: EF Education - EasyPost | L215: 13:1213:12 | M215: ..
A216: 31 | B216: 40 | C216: ▲9 | D216: 161 | F216: GC | G216: 37 | H216: IzagirreIonCofidis | I216: Cofidis | L216: 13:2813:28 | M216: ..
A217: 32 | B217: 27 | C217: ▼5 | D217: 52 | F217: Classic | G217: 32 | H217: BenootTiesjDecathlon CMA CGM Team | I217: Decathlon CMA CGM Team | L217: 13:3813:38 | M217: ..
A218: 33 | B218: 28 | C218: ▼5 | D218: 8 | F218: Climber | G218: 33 | H218: YatesAdamUAE Team Emirates - XRG | I218: UAE Team Emirates - XRG | L218: 13:5313:53 | M218: ..
A219: 34 | B219: 29 | C219: ▼5 | D219: 24 | F219: Climber | G219: 30 | H219: HindleyJaiRed Bull - BORA - hansgrohe | I219: Red Bull - BORA - hansgrohe | L219: 13:5413:54 | M219: ..
A220: 35 | B220: 30 | C220: ▼5 | D220: 77 | F220: GC | G220: 25 | H220: TiberiAntonioBahrain - Victorious | I220: Bahrain - Victorious | L220: 15:1015:10 | M220: ..
A221: 36 | B221: 52 | C221: ▲16 | D221: 34 | F221: Hills | G221: 25 | H221: SimmonsQuinnLidl - Trek | I221: Lidl - Trek | K221: 6″ | L221: 16:0016:00 | M221: ..
A222: 37 | B222: 55 | C222: ▲18 | D222: 88 | F222: GC | G222: 25 | H222: VauquelinKévinNetcompany INEOS | I222: Netcompany INEOS | L222: 16:3916:39 | M222: ..
A223: 38 | B223: 32 | C223: ▼6 | D223: 17 | F223: Climber | G223: 31 | H223: KussSeppTeam Visma | Lease a Bike | I223: Team Visma | Lease a Bike | L223: 17:3717:37 | M223: ..
A224: 39 | B224: 33 | C224: ▼6 | D224: 4 | F224: GC | G224: 28 | H224: McNultyBrandonUAE Team Emirates - XRG | I224: UAE Team Emirates - XRG | L224: 17:4817:48 | M224: ..
A225: 40 | B225: 34 | C225: ▼6 | D225: 186 | F225: Climber | G225: 33 | H225: MartinGuillaumeGroupama - FDJ United | I225: Groupama - FDJ United | L225: 18:0818:08 | M225: ..
A226: 41 | B226: 51 | C226: ▲10 | D226: 181 | F226: Classic | G226: 23 | H226: GrégoireRomainGroupama - FDJ United | I226: Groupama - FDJ United | L226: 18:2718:27 | M226: ..
A227: 42 | B227: 35 | C227: ▼7 | D227: 133 | F227: GC | G227: 36 | H227: BennettGeorgeNSN Cycling Team | I227: NSN Cycling Team | L227: 18:4618:46 | M227: ..
A228: 43 | B228: 36 | C228: ▼7 | D228: 16 | F228: GC | G228: 27 | H228: JorgensonMatteoTeam Visma | Lease a Bike | I228: Team Visma | Lease a Bike | L228: 19:1219:12 | M228: ..
A229: 44 | B229: 56 | C229: ▲12 | D229: 174 | F229: Hills | G229: 30 | H229: HermansQuintenPinarello Q36.5 Pro Cycling Team | I229: Pinarello Q36.5 Pro Cycling Team | L229: 19:4019:40 | M229: ..
A230: 45 | B230: 38 | C230: ▼7 | D230: 28 | F230: Classic | G230: 26 | H230: Van GilsMaximRed Bull - BORA - hansgrohe | I230: Red Bull - BORA - hansgrohe | L230: 23:4023:40 | M230: ..
A231: 46 | B231: 39 | C231: ▼7 | D231: 57 | F231: GC | G231: 29 | H231: ProdhommeNicolasDecathlon CMA CGM Team | I231: Decathlon CMA CGM Team | L231: 23:5923:59 | M231: ..
A232: 47 | B232: 41 | C232: ▼6 | D232: 126 | F232: Classic | G232: 31 | H232: SkaarsethAndersUno-X Mobility | I232: Uno-X Mobility | L232: 24:0324:03 | M232: ..
A233: 48 | B233: 42 | C233: ▼6 | D233: 56 | F233: GC | G233: 30 | H233: Paret-PeintreAurélienDecathlon CMA CGM Team | I233: Decathlon CMA CGM Team | L233: 24:2124:21 | M233: ..
... A262: 77 | B262: 66 | C262: ▼11 | D262: 163 | F262: Classic | G262: 30 | H262: AranburuAlexCofidis | I262: Cofidis | L262: 37:3437:34 | M262: ..
A263: 78 | B263: 134 | C263: ▲56 | D263: 33 | F263: Classic | G263: 30 | H263: PedersenMadsLidl - Trek | I263: Lidl - Trek | K263: 10″ | L263: ,,37:34 | M263: ..
A264: 79 | B264: 117 | C264: ▲38 | D264: 218 | F264: GC | G264: 25 | H264: van den BroekFrankTeam Picnic PostNL | I264: Team Picnic PostNL | L264: 37:4037:40 | M264: ..
A265: 80 | B265: 70 | C265: ▼10 | D265: 111 | F265: GC | G265: 30 | H265: O'ConnorBenTeam Jayco AlUla | I265: Team Jayco AlUla | L265: 38:2338:23 | M265: ..
A266: 81 | B266: 71 | C266: ▼10 | D266: 148 | F266: Climber | G266: 28 | H266: RubioEinerMovistar Team | I266: Movistar Team | L266: 38:3038:30 | M266: ..
A267: 82 | B267: 72 | C267: ▼10 | D267: 196 | F267: Climber | G267: 29 | H267: StorerMichaelTudor Pro Cycling Team | I267: Tudor Pro Cycling Team | L267: 38:3238:32 | M267: ..
A268: 83 | B268: 129 | C268: ▲46 | D268: 23 | F268: Hills | G268: 32 | H268: DenzNicoRed Bull - BORA - hansgrohe | I268: Red Bull - BORA - hansgrohe | L268: 39:1039:10 | M268: ..
A269: 84 | B269: 73 | C269: ▼11 | D269: 36 | F269: Classic | G269: 35 | H269: SkujiņšTomsLidl - Trek | I269: Lidl - Trek | L269: 39:2139:21 | M269: ..
A270: 85 | B270: 74 | C270: ▼11 | D270: 117 | F270: GC | G270: 25 | H270: PlappLukeTeam Jayco AlUla | I270: Team Jayco AlUla | L270: 39:2239:22 | M270: ..
A271: 86 | B271: 76 | C271: ▼10 | D271: 118 | F271: Hills | G271: 26 | H271: SchmidMauroTeam Jayco AlUla | I271: Team Jayco AlUla | L271: 40:2140:21 | M271: ..
A272: 87 | B272: 98 | C272: ▲11 | D272: 184 | F272: GC | G272: 23 | H272: CostiouEwenGroupama - FDJ United | I272: Groupama - FDJ United | L272: 40:2740:27 | M272: ..
A273: 88 | B273: 78 | C273: ▼10 | D273: 223 | F273: GC | G273: 26 | H273: BerwickSebastianCaja Rural - Seguros RGA | I273: Caja Rural - Seguros RGA | L273: 41:3541:35 | M273: ..
A274: 89 | B274: 83 | C274: ▼6 | D274: 206 | F274: Hills | G274: 25 | H274: Le BerreMathisTotalEnergies | I274: TotalEnergies | L274: 42:2942:29 | M274: ..
A275: 90 | B275: 84 | C275: ▼6 | D275: 108 | F275: Climber | G275: 24 | H275: VerstryngeEmielAlpecin - Premier Tech | I275: Alpecin - Premier Tech | L275: 42:3542:35 | M275: ..
... A366: 181 | B366: 181 | C366: - | D366: 193 | F366: Classic | G366: 35 | H366: HallerMarcoTudor Pro Cycling Team | I366: Tudor Pro Cycling Team | L366: 1:19:371:19:37 | M366: ..
A368: Rnk | B368: Prev | C368: ▼▲ | D368: BIB | E368: H2H | F368: Specialty | G368: Age | H368: Rider | I368: Team | J368: Pnt | K368: Today
A369: 1 | B369: 4 | C369: ▲3 | D369: 33 | F369: Classic | G369: 30 | H369: PedersenMadsLidl - Trek | I369: Lidl - Trek | J369: 103 | K369: 66
A370: 2 | B370: 1 | C370: ▼1 | D370: 1 | F370: Climber | G370: 27 | H370: PogačarTadejUAE Team Emirates - XRG | I370: UAE Team Emirates - XRG | J370: 55
A371: 3 | B371: 2 | C371: ▼1 | D371: 11 | F371: GC | G371: 29 | H371: VingegaardJonasTeam Visma | Lease a Bike | I371: Team Visma | Lease a Bike | J371: 44
A372: 4 | D372: 34 | F372: Hills | G372: 25 | H372: SimmonsQuinnLidl - Trek | I372: Lidl - Trek | J372: 42 | K372: 42
A373: 5 | B373: 3 | C373: ▼2 | D373: 2 | F373: Climber | G373: 22 | H373: del ToroIsaacUAE Team Emirates - XRG | I373: UAE Team Emirates - XRG | J373: 39
...

Sheet Stage05
A1: Rnk | B1: GC | C1: Timelag | D1: BIB | E1: H2H | F1: Specialty | G1: Age | H1: Rider | I1: Team | J1: UCI | K1: Pnt | M1: Time
A2: 1 | B2: 175 | C2: +1:15:32 | D2: 55 | F2: Sprint | G2: 24 | H2: KooijOlavDecathlon CMA CGM Team | I2: Decathlon CMA CGM Team | J2: 210 | K2: 100 | L2: 10″ | M2: 3:29:073:29:07
A3: 2 | B3: 138 | C3: +58:09 | D3: 64 | F3: Sprint | G3: 28 | H3: KanterMaxXDS Astana Team | I3: XDS Astana Team | J3: 150 | K3: 70 | L3: 6″ | M3: ,,0:00
A4: 3 | B4: 166 | C4: +1:11:40 | D4: 91 | F4: Sprint | G4: 33 | H4: MerlierTimSoudal Quick-Step | I4: Soudal Quick-Step | J4: 110 | K4: 50 | L4: 4″ | M4: ,,0:00
A5: 4 | B5: 170 | C5: +1:12:53 | D5: 152 | F5: TT | G5: 24 | H5: ArtzHuubLotto Intermarché | I5: Lotto Intermarché | J5: 90 | K5: 40 | M5: ,,0:00
A6: 5 | B6: 143 | C6: +1:00:22 | D6: 105 | F6: Sprint | G6: 28 | H6: PhilipsenJasperAlpecin - Premier Tech | I6: Alpecin - Premier Tech | J6: 70 | K6: 32 | M6: ,,0:00
A7: 6 | B7: 139 | C7: +58:28 | D7: 131 | F7: Classic | G7: 26 | H7: GirmayBiniamNSN Cycling Team | I7: NSN Cycling Team | J7: 55 | K7: 26 | M7: ,,0:00
A8: 7 | B8: 71 | C8: +37:20 | D8: 33 | F8: Classic | G8: 30 | H8: PedersenMadsLidl - Trek | I8: Lidl - Trek | J8: 45 | K8: 22 | M8: ,,0:00
A9: 8 | B9: 165 | C9: +1:11:40 | D9: 165 | F9: Classic | G9: 25 | H9: FretinMilanCofidis | I9: Cofidis | J9: 40 | K9: 18 | M9: ,,0:00
A10: 9 | B10: 112 | C10: +48:59 | D10: 207 | F10: Classic | G10: 32 | H10: WærenskjoldSørenUno-X Mobility | I10: TotalEnergies | J10: 35 | K10: 14 | M10: ,,0:00
A11: 10 | B11: 150 | C11: +1:02:24 | D11: 128 | F11: Classic | G11: 26 | H11: TurgisAnthonyTotalEnergies | I11: Uno-X Mobility | J11: 30 | K11: 10 | M11: ,,0:00
A12: 11 | B12: 94 | C12: +45:08 | D12: 153 | F12: Classic | G12: 25 | H12: BerckmoesJennoLotto Intermarché | I12: Lotto Intermarché | J12: 25 | K12: 8 | M12: ,,0:00
A13: 12 | B13: 169 | C13: +1:12:42 | D13: 112 | F13: Sprint | G13: 32 | H13: AckermannPascalTeam Jayco AlUla | I13: Team Jayco AlUla | J13: 20 | K13: 6 | M13: ,,0:00
A14: 13 | B14: 102 | C14: +46:05 | D14: 188 | F14: Classic | G14: 31 | H14: RussoClémentGroupama - FDJ United | I14: Groupama - FDJ United | J14: 15 | K14: 4 | M14: ,,0:00
A15: 14 | B15: 90 | C15: +43:55 | D15: 195 | F15: Classic | G15: 25 | H15: PluimersRickTudor Pro Cycling Team | I15: Tudor Pro Cycling Team | J15: 10 | K15: 2 | M15: ,,0:00
A16: 15 | B16: 158 | C16: +1:09:05 | D16: 85 | F16: Hills | G16: 30 | H16: GodonDorianNetcompany INEOS | I16: Netcompany INEOS | J16: 5 | K16: 1 | M16: ,,0:00
A17: 16 | B17: 160 | C17: +1:10:00 | D17: 213 | F17: Sprint | G17: 23 | H17: BittnerPavelTeam Picnic PostNL | I17: Team Picnic PostNL | M17: ,,0:00
A18: 17 | B18: 163 | C18: +1:11:00 | D18: 221 | F18: Sprint | G18: 31 | H18: GaviriaFernandoCaja Rural - Seguros RGA | I18: Caja Rural - Seguros RGA | M18: ,,0:00
A19: 18 | B19: 168 | C19: +1:11:55 | D19: 72 | F19: Sprint | G19: 32 | H19: BauhausPhilBahrain - Victorious | I19: Bahrain - Victorious | M19: ,,0:00
A20: 19 | B20: 132 | C20: +55:43 | D20: 66 | F20: Classic | G20: 33 | H20: TeunissenMikeXDS Astana Team | I20: XDS Astana Team | M20: ,,0:00
A21: 20 | B21: 109 | C21: +47:34 | D21: 63 | F21: GC | G21: 35 | H21: GateAaronXDS Astana Team | I21: XDS Astana Team | M21: 0:070:07
A22: 21 | B22: 4 | C22: +7:53 | D22: 1 | F22: Climber | G22: 27 | H22: PogačarTadejUAE Team Emirates - XRG | I22: UAE Team Emirates - XRG | M22: 0:140:14
A23: 22 | B23: 7 | C23: +8:16 | D23: 21 | F23: Climber | G23: 26 | H23: EvenepoelRemcoRed Bull - BORA - hansgrohe | I23: Red Bull - BORA - hansgrohe | M23: ,,0:14
A24: 23 | B24: 10 | C24: +8:41 | D24: 51 | F24: Climber | G24: 19 | H24: SeixasPaulDecathlon CMA CGM Team | I24: Decathlon CMA CGM Team | M24: ,,0:14
A25: 24 | B25: 15 | C25: +9:15 | D25: 171 | F25: Classic | G25: 26 | H25: PidcockTomPinarello Q36.5 Pro Cycling Team | I25: Pinarello Q36.5 Pro Cycling Team | M25: ,,0:14
A26: 25 | B26: 16 | C26: +9:38 | D26: 41 | F26: Climber | G26: 33 | H26: CarapazRichardEF Education - EasyPost | I26: EF Education - EasyPost | M26: ,,0:14
A27: 26 | B27: 14 | C27: +9:10 | D27: 97 | F27: GC | G27: 26 | H27: Van WilderIlanSoudal Quick-Step | I27: Soudal Quick-Step | M27: ,,0:14
A28: 27 | B28: 45 | C28: +23:40 | D28: 28 | F28: Classic | G28: 26 | H28: Van GilsMaximRed Bull - BORA - hansgrohe | I28: Red Bull - BORA - hansgrohe | M28: ,,0:14
... A182: 181 | B182: 181 | C182: +1:29:55 | D182: 192 | F182: Sprint | G182: 32 | H182: de KleijnArvidTudor Pro Cycling Team | I182: Tudor Pro Cycling Team | M182: 11:0111:01
A184: Rnk | B184: Prev | C184: ▼▲ | D184: BIB | E184: H2H | F184: Specialty | G184: Age | H184: Rider | I184: Team | J184: UCI | L184: Time | M184: Time won/lost
A185: 1 | B185: 1 | C185: - | D185: 127 | F185: GC | G185: 30 | H185: TræenTorsteinUno-X Mobility | I185: Uno-X Mobility | J185: 25 | L185: 16:32:07 16:32:07 | M185: ..
A186: 2 | B186: 2 | C186: - | D186: 45 | F186: Climber | G186: 26 | H186: QuinnSeanEF Education - EasyPost | I186: EF Education - EasyPost | L186: 0:280:28 | M186: ..
A187: 3 | B187: 3 | C187: - | D187: 37 | F187: TT | G187: 24 | H187: VacekMathiasLidl - Trek | I187: Lidl - Trek | L187: 3:503:50 | M187: ..
A188: 4 | B188: 4 | C188: - | D188: 1 | F188: Climber | G188: 27 | H188: PogačarTadejUAE Team Emirates - XRG | I188: UAE Team Emirates - XRG | K188: 16″ | L188: 7:537:53 | M188: ..
A189: 5 | B189: 5 | C189: - | D189: 11 | F189: GC | G189: 29 | H189: VingegaardJonasTeam Visma | Lease a Bike | I189: Team Visma | Lease a Bike | K189: 6″ | L189: ,,7:53 | M189: ..
A190: 6 | B190: 6 | C190: - | D190: 102 | F190: Climber | G190: 23 | H190: DebruyneRamsesAlpecin - Premier Tech | I190: Alpecin - Premier Tech | L190: 8:068:06 | M190: ..
A191: 7 | B191: 7 | C191: - | D191: 21 | F191: Climber | G191: 26 | H191: EvenepoelRemcoRed Bull - BORA - hansgrohe | I191: Red Bull - BORA - hansgrohe | K191: 4″ | L191: 8:168:16 | M191: ..
A192: 8 | B192: 8 | C192: - | D192: 2 | F192: Climber | G192: 22 | H192: AyusoJuanLidl - Trek | I192: UAE Team Emirates - XRG | K192: 10″ | L192: 8:178:17 | M192: ..
A193: 9 | B193: 9 | C193: - | D193: 31 | F193: Climber | G193: 23 | H193: del ToroIsaacUAE Team Emirates - XRG | I193: Lidl - Trek | L193: 8:208:20 | M193: ..
A194: 10 | B194: 10 | C194: - | D194: 51 | F194: Climber | G194: 19 | H194: SeixasPaulDecathlon CMA CGM Team | I194: Decathlon CMA CGM Team | L194: 8:418:41 | M194: ..
A195: 11 | B195: 11 | C195: - | D195: 25 | F195: GC | G195: 25 | H195: LipowitzFlorianRed Bull - BORA - hansgrohe | I195: Red Bull - BORA - hansgrohe | L195: 8:468:46 | M195: ..
A196: 12 | B196: 12 | C196: - | D196: 71 | F196: Climber | G196: 22 | H196: MartinezLennyBahrain - Victorious | I196: Bahrain - Victorious | L196: 9:029:02 | M196: ..
A197: 13 | B197: 13 | C197: - | D197: 121 | F197: Climber | G197: 26 | H197: JohannessenTobias HallandUno-X Mobility | I197: Uno-X Mobility | L197: 9:049:04 | M197: ..
A198: 14 | B198: 14 | C198: - | D198: 97 | F198: GC | G198: 26 | H198: Van WilderIlanSoudal Quick-Step | I198: Soudal Quick-Step | L198: 9:109:10 | M198: ..
A199: 15 | B199: 15 | C199: - | D199: 171 | F199: Classic | G199: 26 | H199: PidcockTomPinarello Q36.5 Pro Cycling Team | I199: Pinarello Q36.5 Pro Cycling Team | L199: 9:159:15 | M199: ..
A200: 16 | B200: 16 | C200: - | D200: 41 | F200: Climber | G200: 33 | H200: CarapazRichardEF Education - EasyPost | I200: EF Education - EasyPost | K200: 4″ | L200: 9:389:38 | M200: ..
A201: 17 | B201: 18 | C201: ▲1 | D201: 35 | F201: Climber | G201: 25 | H201: SkjelmoseMattiasLidl - Trek | I201: Lidl - Trek | L201: 9:439:43 | M201: ..
A202: 18 | B202: 19 | C202: ▲1 | D202: 18 | F202: GC | G202: 24 | H202: PiganzoliDavideTeam Visma | Lease a Bike | I202: Team Visma | Lease a Bike | L202: 10:0810:08 | M202: ..
A203: 19 | B203: 20 | C203: ▲1 | D203: 82 | F203: GC | G203: 26 | H203: Van EetveltLennertLotto Intermarché | I203: Netcompany INEOS | L203: 10:1210:12 | M203: ..
A204: 20 | B204: 17 | C204: ▼3 | D204: 156 | F204: Climber | G204: 24 | H204: ArensmanThymenNetcompany INEOS | I204: Lotto Intermarché | L204: 10:1310:13 | M204: ..
A205: 21 | B205: 21 | C205: - | D205: 201 | F205: Climber | G205: 27 | H205: JegatJordanTotalEnergies | I205: TotalEnergies | L205: 10:2110:21 | M205: ..
A206: 22 | B206: 22 | C206: - | D206: 61 | F206: Climber | G206: 28 | H206: HiguitaSergioXDS Astana Team | I206: XDS Astana Team | L206: 11:1611:16 | M206: ..
A207: 23 | B207: 23 | C207: - | D207: 141 | F207: GC | G207: 23 | H207: UijtdebroeksCianMovistar Team | I207: Movistar Team | L207: 11:1711:17 | M207: ..
A208: 24 | B208: 25 | C208: ▲1 | D208: 144 | F208: Hills | G208: 25 | H208: García PiernaRaúlMovistar Team | I208: Movistar Team | K208: 4″ | L208: 11:3411:34 | M208: ..
A209: 25 | B209: 26 | C209: ▲1 | D209: 198 | F209: GC | G209: 27 | H209: VoisardYannisTudor Pro Cycling Team | I209: Tudor Pro Cycling Team | L209: 11:4311:43 | M209: ..
A210: 26 | B210: 27 | C210: ▲1 | D210: 81 | F210: GC | G210: 29 | H210: BernalEganNetcompany INEOS | I210: Netcompany INEOS | L210: 12:0812:08 | M210: ..
A211: 27 | B211: 28 | C211: ▲1 | D211: 228 | F211: GC | G211: 29 | H211: ParraJosé FélixCaja Rural - Seguros RGA | I211: Caja Rural - Seguros RGA | L211: 12:1412:14 | M211: ..
A212: 28 | B212: 29 | C212: ▲1 | D212: 65 | F212: Climber | G212: 29 | H212: TejadaHaroldXDS Astana Team | I212: XDS Astana Team | L212: 12:3112:31 | M212: ..
A213: 29 | B213: 24 | C213: ▼5 | D213: 142 | F213: Climber | G213: 25 | H213: CastrilloPabloMovistar Team | I213: Movistar Team | L213: 12:4412:44 | M213: ..
A214: 30 | B214: 31 | C214: ▲1 | D214: 161 | F214: GC | G214: 37 | H214: IzagirreIonCofidis | I214: Cofidis | L214: 13:2813:28 | M214: ..
A215: 31 | B215: 33 | C215: ▲2 | D215: 8 | F215: Climber | G215: 33 | H215: YatesAdamUAE Team Emirates - XRG | I215: UAE Team Emirates - XRG | L215: 13:5313:53 | M215: ..
A216: 32 | B216: 35 | C216: ▲3 | D216: 77 | F216: GC | G216: 25 | H216: TiberiAntonioBahrain - Victorious | I216: Bahrain - Victorious | L216: 15:1015:10 | M216: ..
A217: 33 | B217: 30 | C217: ▼3 | D217: 43 | F217: Climber | G217: 25 | H217: BaudinAlexEF Education - EasyPost | I217: EF Education - EasyPost | L217: 15:3315:33 | M217: ..
A218: 34 | B218: 34 | C218: - | D218: 24 | F218: Climber | G218: 30 | H218: HindleyJaiRed Bull - BORA - hansgrohe | I218: Red Bull - BORA - hansgrohe | L218: 15:4115:41 | M218: ..
A219: 35 | B219: 32 | C219: ▼3 | D219: 52 | F219: Classic | G219: 32 | H219: BenootTiesjDecathlon CMA CGM Team | I219: Decathlon CMA CGM Team | L219: 15:5915:59 | M219: ..
A220: 36 | B220: 36 | C220: - | D220: 34 | F220: Hills | G220: 25 | H220: SimmonsQuinnLidl - Trek | I220: Lidl - Trek | K220: 6″ | L220: 16:3316:33 | M220: ..
A221: 37 | B221: 37 | C221: - | D221: 88 | F221: GC | G221: 25 | H221: VauquelinKévinNetcompany INEOS | I221: Netcompany INEOS | L221: 16:3916:39 | M221: ..
A222: 38 | B222: 39 | C222: ▲1 | D222: 4 | F222: GC | G222: 28 | H222: McNultyBrandonUAE Team Emirates - XRG | I222: UAE Team Emirates - XRG | L222: 17:4817:48 | M222: ..
A223: 39 | B223: 40 | C223: ▲1 | D223: 186 | F223: Climber | G223: 33 | H223: MartinGuillaumeGroupama - FDJ United | I223: Groupama - FDJ United | L223: 18:0818:08 | M223: ..
A224: 40 | B224: 38 | C224: ▼2 | D224: 17 | F224: Climber | G224: 31 | H224: KussSeppTeam Visma | Lease a Bike | I224: Team Visma | Lease a Bike | L224: 18:1018:10 | M224: ..
A225: 41 | B225: 43 | C225: ▲2 | D225: 16 | F225: GC | G225: 27 | H225: JorgensonMatteoTeam Visma | Lease a Bike | I225: Team Visma | Lease a Bike | L225: 19:1219:12 | M225: ..
A226: 42 | B226: 42 | C226: - | D226: 133 | F226: GC | G226: 36 | H226: BennettGeorgeNSN Cycling Team | I226: NSN Cycling Team | L226: 19:1919:19 | M226: ..
A227: 43 | B227: 41 | C227: ▼2 | D227: 181 | F227: Classic | G227: 23 | H227: GrégoireRomainGroupama - FDJ United | I227: Groupama - FDJ United | L227: 19:5819:58 | M227: ..
A228: 44 | B228: 44 | C228: - | D228: 174 | F228: Hills | G228: 30 | H228: HermansQuintenPinarello Q36.5 Pro Cycling Team | I228: Pinarello Q36.5 Pro Cycling Team | L228: 20:1320:13 | M228: ..
A229: 45 | B229: 45 | C229: - | D229: 28 | F229: Classic | G229: 26 | H229: Van GilsMaximRed Bull - BORA - hansgrohe | I229: Red Bull - BORA - hansgrohe | L229: 23:4023:40 | M229: ..
A230: 46 | B230: 46 | C230: - | D230: 57 | F230: GC | G230: 29 | H230: ProdhommeNicolasDecathlon CMA CGM Team | I230: Decathlon CMA CGM Team | L230: 24:3224:32 | M230: ..
A231: 47 | B231: 47 | C231: - | D231: 126 | F231: Classic | G231: 31 | H231: SkaarsethAndersUno-X Mobility | I231: Uno-X Mobility | L231: 24:3624:36 | M231: ..
A232: 48 | B232: 50 | C232: ▲2 | D232: 222 | F232: GC | G232: 26 | H232: BalderstoneAbelCaja Rural - Seguros RGA | I232: Caja Rural - Seguros RGA | L232: 26:3926:39 | M232: ..
... A254: 70 | B254: 58 | C254: ▼12 | D254: 115 | F254: Classic | G254: 35 | H254: MatthewsMichaelTeam Jayco AlUla | I254: Team Jayco AlUla | L254: 36:4836:48 | M254: ..
A255: 71 | B255: 78 | C255: ▲7 | D255: 33 | F255: Classic | G255: 30 | H255: PedersenMadsLidl - Trek | I255: Lidl - Trek | K255: 10″ | L255: 37:2037:20 | M255: ..
A256: 72 | B256: 80 | C256: ▲8 | D256: 111 | F256: GC | G256: 30 | H256: O'ConnorBenTeam Jayco AlUla | I256: Team Jayco AlUla | L256: 38:2338:23 | M256: ..
A257: 73 | B257: 81 | C257: ▲8 | D257: 148 | F257: Climber | G257: 28 | H257: RubioEinerMovistar Team | I257: Movistar Team | L257: 38:3038:30 | M257: ..
A258: 74 | B258: 73 | C258: ▼1 | D258: 42 | F258: TT | G258: 31 | H258: AsgreenKasperEF Education - EasyPost | I258: EF Education - EasyPost | L258: 38:4838:48 | M258: ..
A259: 75 | B259: 69 | C259: ▼6 | D259: 73 | F259: GC | G259: 38 | H259: CarusoDamianoBahrain - Victorious | I259: Bahrain - Victorious | L259: 38:5638:56 | M259: ..
A260: 76 | B260: 84 | C260: ▲8 | D260: 36 | F260: Classic | G260: 35 | H260: SkujiņšTomsLidl - Trek | I260: Lidl - Trek | L260: 39:2139:21 | M260: ..
A261: 77 | B261: 79 | C261: ▲2 | D261: 218 | F261: GC | G261: 25 | H261: van den BroekFrankTeam Picnic PostNL | I261: Team Picnic PostNL | L261: 39:3739:37 | M261: ..
A262: 78 | B262: 83 | C262: ▲5 | D262: 23 | F262: Hills | G262: 32 | H262: DenzNicoRed Bull - BORA - hansgrohe | I262: Red Bull - BORA - hansgrohe | L262: 39:4339:43 | M262: ..
A263: 79 | B263: 66 | C263: ▼13 | D263: 94 | F263: Classic | G263: 34 | H263: StuyvenJasperSoudal Quick-Step | I263: Soudal Quick-Step | L263: 39:5139:51 | M263: ..
A264: 80 | B264: 77 | C264: ▼3 | D264: 163 | F264: Classic | G264: 30 | H264: AranburuAlexCofidis | I264: Cofidis | L264: 39:5539:55 | M264: ..
A265: 81 | B265: 74 | C265: ▼7 | D265: 92 | F265: Classic | G265: 29 | H265: EenkhoornPascalSoudal Quick-Step | I265: Soudal Quick-Step | L265: 40:1040:10 | M265: ..
A266: 82 | B266: 76 | C266: ▼6 | D266: 225 | F266: Hills | G266: 28 | H266: NicolauJoelCaja Rural - Seguros RGA | I266: Caja Rural - Seguros RGA | L266: 41:3841:38 | M266: ..
A267: 83 | B267: 82 | C267: ▼1 | D267: 196 | F267: Climber | G267: 29 | H267: StorerMichaelTudor Pro Cycling Team | I267: Tudor Pro Cycling Team | L267: ,,41:38 | M267: ..
... A321: 137 | B321: 135 | C321: ▼2 | D321: 125 | F321: GC | G321: 26 | H321: JohannessenAnders HallandUno-X Mobility | I321: Uno-X Mobility | L321: 57:3057:30 | M321: ..
A322: 138 | B322: 140 | C322: ▲2 | D322: 64 | F322: Sprint | G322: 28 | H322: KanterMaxXDS Astana Team | I322: XDS Astana Team | K322: 6″ | L322: 58:0958:09 | M322: ..
A323: 139 | B323: 142 | C323: ▲3 | D323: 131 | F323: Classic | G323: 26 | H323: GirmayBiniamNSN Cycling Team | I323: NSN Cycling Team | L323: 58:2858:28 | M323: ..
A324: 140 | B324: 141 | C324: ▲1 | D324: 86 | F324: Classic | G324: 36 | H324: KwiatkowskiMichałNetcompany INEOS | I324: Netcompany INEOS | L324: 59:2359:23 | M324: ..
A325: 141 | B325: 139 | C325: ▼2 | D325: 215 | F325: Hills | G325: 22 | H325: DhondtRobbeTeam Picnic PostNL | I325: Team Picnic PostNL | L325: 59:2459:24 | M325: ..
A326: 142 | B326: 134 | C326: ▼8 | D326: 226 | F326: Hills | G326: 28 | H326: OldaniStefanoCaja Rural - Seguros RGA | I326: Caja Rural - Seguros RGA | L326: 59:3259:32 | M326: ..
A327: 143 | B327: 145 | C327: ▲2 | D327: 105 | F327: Sprint | G327: 28 | H327: PhilipsenJasperAlpecin - Premier Tech | I327: Alpecin - Premier Tech | L327: 1:00:221:00:22 | M327: ..
A328: 144 | B328: 143 | C328: ▼1 | D328: 6 | F328: Classic | G328: 27 | H328: VermeerschFlorianUAE Team Emirates - XRG | I328: UAE Team Emirates - XRG | L328: 1:00:341:00:34 | M328: ..
...

Sheet Stage06
A1: Rnk | B1: GC | C1: Timelag | D1: BIB | E1: H2H | F1: Specialty | G1: Age | H1: Rider | I1: Team | J1: UCI | K1: Pnt | M1: Time
A2: 1 | B2: 1 | C2: +0:00 | D2: 1 | F2: Climber | G2: 27 | H2: PogačarTadej UAE Team Emirates - XRG | I2: UAE Team Emirates - XRG | J2: 210 | K2: 100 | L2: 10″ | M2: 4:32:074:32:07
A3: 2 | B3: 2 | C3: +2:42 | D3: 11 | F3: GC | G3: 29 | H3: VingegaardJonas Team Visma | Lease a Bike | I3: Team Visma | Lease a Bike | J3: 150 | K3: 70 | L3: 6″ | M3: 2:382:38
A4: 3 | B4: 3 | C4: +3:27 | D4: 2 | F4: Climber | G4: 22 | H4: del ToroIsaacUAE Team Emirates - XRG | I4: UAE Team Emirates - XRG | J4: 110 | K4: 50 | L4: 4″ | M4: 2:572:57
A5: 4 | B5: 4 | C5: +3:30 | D5: 21 | F5: Climber | G5: 26 | H5: EvenepoelRemcoRed Bull - BORA - hansgrohe | I5: Red Bull - BORA - hansgrohe | J5: 90 | K5: 40 | M5: ,,2:57
A6: 5 | B6: 6 | C6: +3:55 | D6: 51 | F6: Climber | G6: 19 | H6: SeixasPaulDecathlon CMA CGM Team | I6: Decathlon CMA CGM Team | J6: 70 | K6: 32 | M6: ,,2:57
A7: 6 | B7: 7 | C7: +4:00 | D7: 25 | F7: GC | G7: 25 | H7: LipowitzFlorianRed Bull - BORA - hansgrohe | I7: Red Bull - BORA - hansgrohe | J7: 55 | K7: 26 | M7: ,,2:57
A8: 7 | B8: 5 | C8: +3:34 | D8: 31 | F8: Climber | G8: 23 | H8: AyusoJuanLidl - Trek | I8: Lidl - Trek | J8: 45 | K8: 22 | M8: ,,2:57
A9: 8 | B9: 9 | C9: +4:57 | D9: 35 | F9: Climber | G9: 25 | H9: SkjelmoseMattiasLidl - Trek | I9: Lidl - Trek | J9: 40 | K9: 18 | M9: ,,2:57
A10: 9 | B10: 8 | C10: +4:21 | D10: 71 | F10: Climber | G10: 22 | H10: KussSeppTeam Visma | Lease a Bike | I10: Bahrain - Victorious | J10: 35 | K10: 14 | M10: 3:023:02
A11: 10 | B11: 24 | C11: +13:33 | D11: 17 | F11: Climber | G11: 31 | H11: MartinezLennyBahrain - Victorious | I11: Team Visma | Lease a Bike | J11: 30 | K11: 10 | M11: 3:063:06
A12: 11 | B12: 11 | C12: +9:12 | D12: 81 | F12: GC | G12: 29 | H12: BernalEganNetcompany INEOS | I12: Netcompany INEOS | J12: 25 | K12: 8 | M12: 4:474:47
A13: 12 | B13: 19 | C13: +10:56 | D13: 201 | F13: Climber | G13: 27 | H13: JegatJordanTotalEnergies | I13: TotalEnergies | J13: 20 | K13: 6 | M13: 8:188:18
A14: 13 | B14: 22 | C14: +13:06 | D14: 65 | F14: Climber | G14: 29 | H14: TejadaHaroldXDS Astana Team | I14: XDS Astana Team | J14: 15 | K14: 4 | M14: ,,8:18
A15: 14 | B15: 14 | C15: +9:45 | D15: 97 | F15: GC | G15: 26 | H15: Van WilderIlanSoudal Quick-Step | I15: Soudal Quick-Step | J15: 10 | K15: 2 | M15: ,,8:18
A16: 15 | B16: 15 | C16: +9:50 | D16: 171 | F16: Classic | G16: 26 | H16: PidcockTomPinarello Q36.5 Pro Cycling Team | I16: Pinarello Q36.5 Pro Cycling Team | J16: 5 | K16: 1 | M16: ,,8:18
A17: 16 | B17: 21 | C17: +12:21 | D17: 198 | F17: GC | G17: 27 | H17: VoisardYannisTudor Pro Cycling Team | I17: Tudor Pro Cycling Team | M17: 8:218:21
A18: 17 | B18: 25 | C18: +14:31 | D18: 8 | F18: Climber | G18: 33 | H18: YatesAdamUAE Team Emirates - XRG | I18: UAE Team Emirates - XRG | M18: ,,8:21
A19: 18 | B19: 13 | C19: +9:42 | D19: 121 | F19: Climber | G19: 26 | H19: JohannessenTobias HallandUno-X Mobility | I19: Uno-X Mobility | M19: ,,8:21
A20: 19 | B20: 18 | C20: +10:51 | D20: 156 | F20: Climber | G20: 24 | H20: Van EetveltLennertLotto Intermarché | I20: Lotto Intermarché | M20: ,,8:21
A21: 20 | B21: 26 | C21: +18:26 | D21: 4 | F21: GC | G21: 28 | H21: McNultyBrandonUAE Team Emirates - XRG | I21: UAE Team Emirates - XRG | M21: ,,8:21
A22: 21 | B22: 17 | C22: +10:46 | D22: 18 | F22: GC | G22: 24 | H22: PiganzoliDavideTeam Visma | Lease a Bike | I22: Team Visma | Lease a Bike | M22: ,,8:21
A23: 22 | B23: 23 | C23: +13:24 | D23: 142 | F23: Climber | G23: 25 | H23: CastrilloPabloMovistar Team | I23: Movistar Team | M23: 8:238:23
A24: 23 | B24: 16 | C24: +10:46 | D24: 41 | F24: Climber | G24: 33 | H24: CarapazRichardEF Education - EasyPost | I24: EF Education - EasyPost | M24: 8:518:51
A25: 24 | B25: 33 | C25: +29:23 | D25: 173 | F25: GC | G25: 31 | H25: HarperChrisPinarello Q36.5 Pro Cycling Team | I25: Pinarello Q36.5 Pro Cycling Team | M25: 9:339:33
A26: 25 | B26: 10 | C26: +7:10 | D26: 37 | F26: TT | G26: 24 | H26: VacekMathiasLidl - Trek | I26: Lidl - Trek | M26: 11:0311:03
A27: 26 | B27: 20 | C27: +11:26 | D27: 102 | F27: Climber | G27: 23 | H27: DebruyneRamsesAlpecin - Premier Tech | I27: Alpecin - Premier Tech | M27: ,,11:03
A28: 27 | B28: 40 | C28: +36:30 | D28: 38 | F28: GC | G28: 33 | H28: VeronaCarlosLidl - Trek | I28: Lidl - Trek | M28: 15:4615:46
... A178: 177 | B178: 163 | C178: +1:47:01 | D178: 132 | F178: Classic | G178: 25 | H178: AskeyLewisNSN Cycling Team | I178: NSN Cycling Team | M178: ,,45:24
A179: DNF | D179: 96 | F179: Classic | G179: 33 | H179: Van LerbergheBertSoudal Quick-Step | I179: Soudal Quick-Step
A180: DNF | D180: 141 | F180: GC | G180: 23 | H180: UijtdebroeksCianMovistar Team | I180: Movistar Team
A181: DNF | D181: 192 | F181: Sprint | G181: 32 | H181: de KleijnArvidTudor Pro Cycling Team | I181: Tudor Pro Cycling Team
A182: DNS | D182: 224 | F182: Hills | G182: 26 | H182: MolenaarAlexCaja Rural - Seguros RGA | I182: Caja Rural - Seguros RGA
A184: Rnk | B184: Prev | C184: ▼▲ | D184: BIB | E184: H2H | F184: Specialty | G184: Age | H184: Rider | I184: Team | J184: UCI | L184: Time | M184: Time won/lost
A185: 1 | B185: 4 | C185: ▲3 | D185: 1 | F185: Climber | G185: 27 | H185: PogačarTadejUAE Team Emirates - XRG | I185: UAE Team Emirates - XRG | J185: 25 | K185: 26″ | L185: 21:11:57 21:11:57 | M185: ..
A186: 2 | B186: 5 | C186: ▲3 | D186: 11 | F186: GC | G186: 29 | H186: VingegaardJonasTeam Visma | Lease a Bike | I186: Team Visma | Lease a Bike | K186: 12″ | L186: 2:422:42 | M186: ..
A187: 3 | B187: 8 | C187: ▲5 | D187: 2 | F187: Climber | G187: 22 | H187: del ToroIsaacUAE Team Emirates - XRG | I187: UAE Team Emirates - XRG | K187: 14″ | L187: 3:273:27 | M187: ..
A188: 4 | B188: 7 | C188: ▲3 | D188: 21 | F188: Climber | G188: 26 | H188: EvenepoelRemcoRed Bull - BORA - hansgrohe | I188: Red Bull - BORA - hansgrohe | K188: 4″ | L188: 3:303:30 | M188: ..
A189: 5 | B189: 9 | C189: ▲4 | D189: 31 | F189: Climber | G189: 23 | H189: AyusoJuanLidl - Trek | I189: Lidl - Trek | L189: 3:343:34 | M189: ..
A190: 6 | B190: 10 | C190: ▲4 | D190: 51 | F190: Climber | G190: 19 | H190: LipowitzFlorianRed Bull - BORA - hansgrohe | I190: Decathlon CMA CGM Team | L190: 3:553:55 | M190: ..
A191: 7 | B191: 11 | C191: ▲4 | D191: 25 | F191: GC | G191: 25 | H191: SeixasPaulDecathlon CMA CGM Team | I191: Red Bull - BORA - hansgrohe | L191: 4:004:00 | M191: ..
A192: 8 | B192: 12 | C192: ▲4 | D192: 71 | F192: Climber | G192: 22 | H192: MartinezLennyBahrain - Victorious | I192: Bahrain - Victorious | L192: 4:214:21 | M192: ..
A193: 9 | B193: 17 | C193: ▲8 | D193: 35 | F193: Climber | G193: 25 | H193: SkjelmoseMattiasLidl - Trek | I193: Lidl - Trek | L193: 4:574:57 | M193: ..
A194: 10 | B194: 3 | C194: ▼7 | D194: 37 | F194: TT | G194: 24 | H194: VacekMathiasLidl - Trek | I194: Lidl - Trek | L194: 7:107:10 | M194: ..
A195: 11 | B195: 26 | C195: ▲15 | D195: 81 | F195: GC | G195: 29 | H195: BernalEganNetcompany INEOS | I195: Netcompany INEOS | L195: 9:129:12 | M195: ..
A196: 12 | B196: 2 | C196: ▼10 | D196: 45 | F196: Climber | G196: 26 | H196: QuinnSeanEF Education - EasyPost | I196: EF Education - EasyPost | L196: 9:359:35 | M196: ..
A197: 13 | B197: 13 | C197: - | D197: 121 | F197: Climber | G197: 26 | H197: JohannessenTobias HallandUno-X Mobility | I197: Uno-X Mobility | L197: 9:429:42 | M197: ..
A198: 14 | B198: 14 | C198: - | D198: 97 | F198: GC | G198: 26 | H198: Van WilderIlanSoudal Quick-Step | I198: Soudal Quick-Step | L198: 9:459:45 | M198: ..
A199: 15 | B199: 15 | C199: - | D199: 171 | F199: Classic | G199: 26 | H199: PidcockTomPinarello Q36.5 Pro Cycling Team | I199: Pinarello Q36.5 Pro Cycling Team | L199: 9:509:50 | M199: ..
A200: 16 | B200: 16 | C200: - | D200: 41 | F200: Climber | G200: 33 | H200: CarapazRichardEF Education - EasyPost | I200: EF Education - EasyPost | K200: 4″ | L200: 10:4610:46 | M200: ..
A201: 17 | B201: 18 | C201: ▲1 | D201: 18 | F201: GC | G201: 24 | H201: PiganzoliDavideTeam Visma | Lease a Bike | I201: Team Visma | Lease a Bike | L201: ,,10:46 | M201: ..
A202: 18 | B202: 20 | C202: ▲2 | D202: 156 | F202: Climber | G202: 24 | H202: Van EetveltLennertLotto Intermarché | I202: Lotto Intermarché | L202: 10:5110:51 | M202: ..
A203: 19 | B203: 21 | C203: ▲2 | D203: 201 | F203: Climber | G203: 27 | H203: JegatJordanTotalEnergies | I203: TotalEnergies | L203: 10:5610:56 | M203: ..
A204: 20 | B204: 6 | C204: ▼14 | D204: 102 | F204: Climber | G204: 23 | H204: DebruyneRamsesAlpecin - Premier Tech | I204: Alpecin - Premier Tech | L204: 11:2611:26 | M204: ..
A205: 21 | B205: 25 | C205: ▲4 | D205: 198 | F205: GC | G205: 27 | H205: VoisardYannisTudor Pro Cycling Team | I205: Tudor Pro Cycling Team | L205: 12:2112:21 | M205: ..
A206: 22 | B206: 28 | C206: ▲6 | D206: 65 | F206: Climber | G206: 29 | H206: TejadaHaroldXDS Astana Team | I206: XDS Astana Team | L206: 13:0613:06 | M206: ..
A207: 23 | B207: 29 | C207: ▲6 | D207: 142 | F207: Climber | G207: 25 | H207: CastrilloPabloMovistar Team | I207: Movistar Team | L207: 13:2413:24 | M207: ..
A208: 24 | B208: 40 | C208: ▲16 | D208: 17 | F208: Climber | G208: 31 | H208: KussSeppTeam Visma | Lease a Bike | I208: Team Visma | Lease a Bike | L208: 13:3313:33 | M208: ..
A209: 25 | B209: 31 | C209: ▲6 | D209: 8 | F209: Climber | G209: 33 | H209: YatesAdamUAE Team Emirates - XRG | I209: UAE Team Emirates - XRG | L209: 14:3114:31 | M209: ..
A210: 26 | B210: 38 | C210: ▲12 | D210: 4 | F210: GC | G210: 28 | H210: McNultyBrandonUAE Team Emirates - XRG | I210: UAE Team Emirates - XRG | L210: 18:2618:26 | M210: ..
A211: 27 | B211: 19 | C211: ▼8 | D211: 82 | F211: GC | G211: 26 | H211: ArensmanThymenNetcompany INEOS | I211: Netcompany INEOS | L211: 19:1919:19 | M211: ..
A212: 28 | B212: 1 | C212: ▼27 | D212: 127 | F212: GC | G212: 30 | H212: TræenTorsteinUno-X Mobility | I212: Uno-X Mobility | L212: 22:1222:12 | M212: ..
... A222: 38 | B222: 30 | C222: ▼8 | D222: 161 | F222: GC | G222: 37 | H222: IzagirreIonCofidis | I222: Cofidis | L222: 34:3634:36 | M222: ..
A223: 39 | B223: 24 | C223: ▼15 | D223: 144 | F223: Hills | G223: 25 | H223: García PiernaRaúlMovistar Team | I223: Movistar Team | K223: 4″ | L223: 35:1635:16 | M223: ..
A224: 40 | B224: 53 | C224: ▲13 | D224: 38 | F224: GC | G224: 33 | H224: VeronaCarlosLidl - Trek | I224: Lidl - Trek | L224: 36:3036:30 | M224: ..
A225: 41 | B225: 44 | C225: ▲3 | D225: 174 | F225: Hills | G225: 30 | H225: HermansQuintenPinarello Q36.5 Pro Cycling Team | I225: Pinarello Q36.5 Pro Cycling Team | L225: 38:3038:30 | M225: ..
A226: 42 | B226: 33 | C226: ▼9 | D226: 43 | F226: Climber | G226: 25 | H226: BaudinAlexEF Education - EasyPost | I226: EF Education - EasyPost | L226: 39:1539:15 | M226: ..
A227: 43 | B227: 36 | C227: ▼7 | D227: 34 | F227: Hills | G227: 25 | H227: SimmonsQuinnLidl - Trek | I227: Lidl - Trek | K227: 6″ | L227: 40:1540:15 | M227: ..
A228: 44 | B228: 37 | C228: ▼7 | D228: 88 | F228: GC | G228: 25 | H228: VauquelinKévinNetcompany INEOS | I228: Netcompany INEOS | L228: 40:2140:21 | M228: ..
A229: 45 | B229: 45 | C229: - | D229: 28 | F229: Classic | G229: 26 | H229: Van GilsMaximRed Bull - BORA - hansgrohe | I229: Red Bull - BORA - hansgrohe | L229: 41:5741:57 | M229: ..
A230: 46 | B230: 51 | C230: ▲5 | D230: 3 | F230: GC | G230: 32 | H230: GroßschartnerFelixUAE Team Emirates - XRG | I230: UAE Team Emirates - XRG | L230: 42:1942:19 | M230: ..
A231: 47 | B231: 47 | C231: - | D231: 126 | F231: Classic | G231: 31 | H231: SkaarsethAndersUno-X Mobility | I231: Uno-X Mobility | L231: 48:1848:18 | M231: ..
A232: 48 | B232: 48 | C232: - | D232: 222 | F232: GC | G232: 26 | H232: BalderstoneAbelCaja Rural - Seguros RGA | I232: Caja Rural - Seguros RGA | L232: 49:4349:43 | M232: ..
A233: 49 | B233: 52 | C233: ▲3 | D233: 93 | F233: Climber | G233: 25 | H233: Paret-PeintreValentinSoudal Quick-Step | I233: Soudal Quick-Step | L233: 51:1651:16 | M233: ..
A234: 50 | B234: 72 | C234: ▲22 | D234: 111 | F234: GC | G234: 30 | H234: O'ConnorBenTeam Jayco AlUla | I234: Team Jayco AlUla | L234: 52:4152:41 | M234: ..
A235: 51 | B235: 54 | C235: ▲3 | D235: 32 | F235: Climber | G235: 28 | H235: Gee-WestDerekLidl - Trek | I235: Lidl - Trek | L235: 53:2153:21 | M235: ..
A236: 52 | B236: 42 | C236: ▼10 | D236: 133 | F236: GC | G236: 36 | H236: BennettGeorgeNSN Cycling Team | I236: NSN Cycling Team | L236: 53:4453:44 | M236: ..
A237: 53 | B237: 43 | C237: ▼10 | D237: 181 | F237: Classic | G237: 23 | H237: GrégoireRomainGroupama - FDJ United | I237: Groupama - FDJ United | L237: 54:2354:23 | M237: ..
A238: 54 | B238: 67 | C238: ▲13 | D238: 194 | F238: Classic | G238: 27 | H238: HirschiMarcTudor Pro Cycling Team | I238: Tudor Pro Cycling Team | L238: 54:4854:48 | M238: ..
A239: 55 | B239: 60 | C239: ▲5 | D239: 147 | F239: GC | G239: 27 | H239: RomoJavierMovistar Team | I239: Movistar Team | L239: 56:5856:58 | M239: ..
... A274: 90 | B274: 80 | C274: ▼10 | D274: 163 | F274: Classic | G274: 30 | H274: AranburuAlexCofidis | I274: Cofidis | L274: 1:14:201:14:20 | M274: ..
A275: 91 | B275: 71 | C275: ▼20 | D275: 33 | F275: Classic | G275: 30 | H275: PedersenMadsLidl - Trek | I275: Lidl - Trek | K275: 10″ | L275: 1:15:011:15:01 | M275: ..
A276: 92 | B276: 82 | C276: ▼10 | D276: 225 | F276: Hills | G276: 28 | H276: NicolauJoelCaja Rural - Seguros RGA | I276: Caja Rural - Seguros RGA | L276: 1:16:031:16:03 | M276: ..
A277: 93 | B277: 85 | C277: ▼8 | D277: 118 | F277: Hills | G277: 26 | H277: SchmidMauroTeam Jayco AlUla | I277: Team Jayco AlUla | L277: 1:16:331:16:33 | M277: ..
A278: 94 | B278: 86 | C278: ▼8 | D278: 117 | F278: GC | G278: 25 | H278: PlappLukeTeam Jayco AlUla | I278: Team Jayco AlUla | L278: 1:16:531:16:53 | M278: ..
A279: 95 | B279: 81 | C279: ▼14 | D279: 92 | F279: Classic | G279: 29 | H279: EenkhoornPascalSoudal Quick-Step | I279: Soudal Quick-Step | L279: 1:17:511:17:51 | M279: ..
A280: 96 | B280: 88 | C280: ▼8 | D280: 184 | F280: GC | G280: 23 | H280: CostiouEwenGroupama - FDJ United | I280: Groupama - FDJ United | L280: 1:17:581:17:58 | M280: ..
A281: 97 | B281: 90 | C281: ▼7 | D281: 195 | F281: Classic | G281: 25 | H281: PluimersRickTudor Pro Cycling Team | I281: Tudor Pro Cycling Team | L281: 1:18:201:18:20 | M281: ..
A282: 98 | B282: 91 | C282: ▼7 | D282: 124 | F282: Hills | G282: 33 | H282: CortMagnusUno-X Mobility | I282: Uno-X Mobility | L282: ,,1:18:20 | M282: ..
A283: 99 | B283: 93 | C283: ▼6 | D283: 106 | F283: Classic | G283: 31 | H283: PlanckaertEdwardAlpecin - Premier Tech | I283: Alpecin - Premier Tech | L283: 1:18:491:18:49 | M283: ..
A284: 100 | B284: 94 | C284: ▼6 | D284: 153 | F284: Classic | G284: 25 | H284: BerckmoesJennoLotto Intermarché | I284: Lotto Intermarché | L284: 1:19:331:19:33 | M284: ..
A285: 101 | B285: 137 | C285: ▲36 | D285: 125 | F285: GC | G285: 26 | H285: JohannessenAnders HallandUno-X Mobility | I285: Uno-X Mobility | L285: 1:19:421:19:42 | M285: ..
A286: 102 | B286: 95 | C286: ▼7 | D286: 177 | F286: Classic | G286: 28 | H286: Van MoerBrentPinarello Q36.5 Pro Cycling Team | I286: Pinarello Q36.5 Pro Cycling Team | L286: 1:19:461:19:46 | M286: ..
A287: 103 | B287: 113 | C287: ▲10 | D287: 98 | F287: GC | G287: 32 | H287: VervaekeLouisSoudal Quick-Step | I287: Soudal Quick-Step | L287: 1:19:501:19:50 | M287: ..
... A319: 135 | B319: 129 | C319: ▼6 | D319: 103 | F319: Classic | G319: 35 | H319: DillierSilvanAlpecin - Premier Tech | I319: Alpecin - Premier Tech | L319: 1:30:231:30:23 | M319: ..
A320: 136 | B320: 138 | C320: ▲2 | D320: 64 | F320: Sprint | G320: 28 | H320: KanterMaxXDS Astana Team | I320: XDS Astana Team | K320: 6″ | L320: 1:32:341:32:34 | M320: ..
A321: 137 | B321: 139 | C321: ▲2 | D321: 131 | F321: Classic | G321: 26 | H321: GirmayBiniamNSN Cycling Team | I321: NSN Cycling Team | L321: 1:32:531:32:53 | M321: ..
A322: 138 | B322: 140 | C322: ▲2 | D322: 86 | F322: Classic | G322: 36 | H322: KwiatkowskiMichałNetcompany INEOS | I322: Netcompany INEOS | L322: 1:33:481:33:48 | M322: ..
A323: 139 | B323: 141 | C323: ▲2 | D323: 215 | F323: Hills | G323: 22 | H323: DhondtRobbeTeam Picnic PostNL | I323: Team Picnic PostNL | L323: 1:33:491:33:49 | M323: ..
A324: 140 | B324: 142 | C324: ▲2 | D324: 226 | F324: Hills | G324: 28 | H324: OldaniStefanoCaja Rural - Seguros RGA | I324: Caja Rural - Seguros RGA | L324: 1:33:571:33:57 | M324: ..
...

Sheet Stage07
A1: Rnk | B1: GC | C1: Timelag | D1: BIB | E1: H2H | F1: Specialty | G1: Age | H1: Rider | I1: Team | J1: UCI | K1: Pnt | M1: Time
A2: 1 | B2: 164 | C2: +1:49:11 | D2: 91 | F2: Sprint | G2: 33 | H2: MerlierTimSoudal Quick-Step | I2: Soudal Quick-Step | J2: 210 | K2: 100 | L2: 10″ | M2: 3:44:203:44:20
A3: 2 | B3: 143 | C3: +1:36:43 | D3: 128 | F3: Classic | G3: 26 | H3: WærenskjoldSørenUno-X Mobility | I3: Uno-X Mobility | J3: 150 | K3: 70 | L3: 6″ | M3: ,,0:00
A4: 3 | B4: 135 | C4: +1:32:49 | D4: 131 | F4: Classic | G4: 26 | H4: GirmayBiniamNSN Cycling Team | I4: NSN Cycling Team | J4: 110 | K4: 50 | L4: 4″ | M4: ,,0:00
A5: 4 | B5: 134 | C5: +1:32:34 | D5: 64 | F5: Sprint | G5: 28 | H5: KanterMaxXDS Astana Team | I5: XDS Astana Team | J5: 90 | K5: 40 | M5: ,,0:00
A6: 5 | B6: 144 | C6: +1:38:03 | D6: 105 | F6: Sprint | G6: 28 | H6: PhilipsenJasperAlpecin - Premier Tech | I6: Alpecin - Premier Tech | J6: 70 | K6: 32 | M6: ,,0:00
A7: 6 | B7: 166 | C7: +1:49:36 | D7: 72 | F7: Sprint | G7: 32 | H7: BauhausPhilBahrain - Victorious | I7: Bahrain - Victorious | J7: 55 | K7: 26 | M7: ,,0:00
A8: 7 | B8: 162 | C8: +1:47:18 | D8: 152 | F8: TT | G8: 24 | H8: ArtzHuubLotto Intermarché | I8: Lotto Intermarché | J8: 45 | K8: 22 | M8: ,,0:00
A9: 8 | B9: 154 | C9: +1:43:30 | D9: 85 | F9: Hills | G9: 30 | H9: GodonDorianNetcompany INEOS | I9: Netcompany INEOS | J9: 40 | K9: 18 | M9: ,,0:00
A10: 9 | B10: 87 | C10: +1:15:01 | D10: 33 | F10: Classic | G10: 30 | H10: PedersenMadsLidl - Trek | I10: Lidl - Trek | J10: 35 | K10: 14 | M10: ,,0:00
A11: 10 | B11: 140 | C11: +1:35:36 | D11: 138 | F11: Sprint | G11: 36 | H11: Van AsbroeckTomNSN Cycling Team | I11: NSN Cycling Team | J11: 30 | K11: 10 | M11: ,,0:00
A12: 11 | B12: 155 | C12: +1:44:25 | D12: 213 | F12: Sprint | G12: 23 | H12: BittnerPavelTeam Picnic PostNL | I12: Team Picnic PostNL | J12: 25 | K12: 8 | M12: ,,0:00
A13: 12 | B13: 161 | C13: +1:47:07 | D13: 112 | F13: Sprint | G13: 32 | H13: AckermannPascalTeam Jayco AlUla | I13: Team Jayco AlUla | J13: 20 | K13: 6 | M13: ,,0:00
A14: 13 | B14: 158 | C14: +1:46:05 | D14: 165 | F14: Classic | G14: 25 | H14: FretinMilanCofidis | I14: Cofidis | J14: 15 | K14: 4 | M14: ,,0:00
A15: 14 | B15: 163 | C15: +1:48:41 | D15: 221 | F15: Sprint | G15: 31 | H15: GaviriaFernandoCaja Rural - Seguros RGA | I15: Caja Rural - Seguros RGA | J15: 10 | K15: 2 | M15: ,,0:00
A16: 15 | B16: 111 | C16: +1:23:24 | D16: 207 | F16: Classic | G16: 32 | H16: TurgisAnthonyTotalEnergies | I16: TotalEnergies | J16: 5 | K16: 1 | M16: ,,0:00
A17: 16 | B17: 82 | C17: +1:13:15 | D17: 188 | F17: Classic | G17: 31 | H17: RussoClémentGroupama - FDJ United | I17: Groupama - FDJ United | M17: ,,0:00
A18: 17 | B18: 96 | C18: +1:19:33 | D18: 153 | F18: Classic | G18: 25 | H18: BerckmoesJennoLotto Intermarché | I18: Lotto Intermarché | M18: ,,0:00
A19: 18 | B19: 91 | C19: +1:18:20 | D19: 195 | F19: Classic | G19: 25 | H19: PluimersRickTudor Pro Cycling Team | I19: Tudor Pro Cycling Team | M19: ,,0:00
A20: 19 | B20: 151 | C20: +1:40:51 | D20: 178 | F20: Hills | G20: 27 | H20: WrightFredPinarello Q36.5 Pro Cycling Team | I20: Pinarello Q36.5 Pro Cycling Team | M20: ,,0:00
A21: 20 | B21: 107 | C21: +1:21:59 | D21: 63 | F21: GC | G21: 35 | H21: GateAaronXDS Astana Team | I21: XDS Astana Team | M21: ,,0:00
A22: 21 | B22: 100 | C22: +1:20:20 | D22: 122 | F22: Classic | G22: 30 | H22: AbrahamsenJonasUno-X Mobility | I22: Uno-X Mobility | M22: ,,0:00
A23: 22 | B23: 131 | C23: +1:30:08 | D23: 66 | F23: Classic | G23: 33 | H23: TeunissenMikeXDS Astana Team | I23: XDS Astana Team | M23: ,,0:00
A24: 23 | B24: 170 | C24: +1:51:17 | D24: 55 | F24: Sprint | G24: 24 | H24: KooijOlavDecathlon CMA CGM Team | I24: Decathlon CMA CGM Team | M24: ,,0:00
A25: 24 | B25: 104 | C25: +1:21:32 | D25: 76 | F25: Hills | G25: 27 | H25: StannardRobertBahrain - Victorious | I25: Bahrain - Victorious | M25: ,,0:00
A26: 25 | B26: 78 | C26: +1:10:02 | D26: 101 | F26: Classic | G26: 31 | H26: van der PoelMathieuAlpecin - Premier Tech | I26: Alpecin - Premier Tech | M26: ,,0:00
A27: 26 | B27: 15 | C27: +9:50 | D27: 171 | F27: Classic | G27: 26 | H27: PidcockTomPinarello Q36.5 Pro Cycling Team | I27: Pinarello Q36.5 Pro Cycling Team | M27: ,,0:00
A28: 27 | B28: 21 | C28: +13:06 | D28: 65 | F28: Climber | G28: 29 | H28: TejadaHaroldXDS Astana Team | I28: XDS Astana Team | M28: ,,0:00
... A177: 176 | B177: 89 | C177: +1:15:32 | D177: 134 | F177: Climber | G177: 26 | H177: FrigoMarcoNSN Cycling Team | I177: NSN Cycling Team | M177: 5:075:07
A178: DNS | D178: 127 | F178: GC | G178: 30 | H178: TræenTorsteinUno-X Mobility | I178: Uno-X Mobility
A180: Rnk | B180: Prev | C180: ▼▲ | D180: BIB | E180: H2H | F180: Specialty | G180: Age | H180: Rider | I180: Team | J180: UCI | L180: Time | M180: Time won/lost
A181: 1 | B181: 1 | C181: - | D181: 1 | F181: Climber | G181: 27 | H181: PogačarTadejUAE Team Emirates - XRG | I181: UAE Team Emirates - XRG | J181: 25 | K181: 26″ | L181: 24:56:17 24:56:17 | M181: ..
A182: 2 | B182: 2 | C182: - | D182: 11 | F182: GC | G182: 29 | H182: VingegaardJonasTeam Visma | Lease a Bike | I182: Team Visma | Lease a Bike | K182: 12″ | L182: 2:422:42 | M182: ..
A183: 3 | B183: 3 | C183: - | D183: 2 | F183: Climber | G183: 22 | H183: del ToroIsaacUAE Team Emirates - XRG | I183: UAE Team Emirates - XRG | K183: 14″ | L183: 3:273:27 | M183: ..
A184: 4 | B184: 4 | C184: - | D184: 21 | F184: Climber | G184: 26 | H184: EvenepoelRemcoRed Bull - BORA - hansgrohe | I184: Red Bull - BORA - hansgrohe | K184: 4″ | L184: 3:303:30 | M184: ..
A185: 5 | B185: 5 | C185: - | D185: 31 | F185: Climber | G185: 23 | H185: AyusoJuanLidl - Trek | I185: Lidl - Trek | L185: 3:343:34 | M185: ..
A186: 6 | B186: 6 | C186: - | D186: 51 | F186: Climber | G186: 19 | H186: LipowitzFlorianRed Bull - BORA - hansgrohe | I186: Decathlon CMA CGM Team | L186: 3:553:55 | M186: ..
A187: 7 | B187: 7 | C187: - | D187: 25 | F187: GC | G187: 25 | H187: SeixasPaulDecathlon CMA CGM Team | I187: Red Bull - BORA - hansgrohe | L187: 4:004:00 | M187: ..
A188: 8 | B188: 8 | C188: - | D188: 71 | F188: Climber | G188: 22 | H188: MartinezLennyBahrain - Victorious | I188: Bahrain - Victorious | L188: 4:214:21 | M188: ..
A189: 9 | B189: 9 | C189: - | D189: 35 | F189: Climber | G189: 25 | H189: SkjelmoseMattiasLidl - Trek | I189: Lidl - Trek | L189: 4:574:57 | M189: ..
A190: 10 | B190: 10 | C190: - | D190: 37 | F190: TT | G190: 24 | H190: VacekMathiasLidl - Trek | I190: Lidl - Trek | L190: 7:107:10 | M190: ..
A191: 11 | B191: 11 | C191: - | D191: 81 | F191: GC | G191: 29 | H191: BernalEganNetcompany INEOS | I191: Netcompany INEOS | L191: 9:129:12 | M191: ..
A192: 12 | B192: 12 | C192: - | D192: 45 | F192: Hills | G192: 26 | H192: QuinnSeanEF Education - EasyPost | I192: EF Education - EasyPost | L192: 9:359:35 | M192: ..
A193: 13 | B193: 13 | C193: - | D193: 121 | F193: Climber | G193: 26 | H193: JohannessenTobias HallandUno-X Mobility | I193: Uno-X Mobility | L193: 9:429:42 | M193: ..
A194: 14 | B194: 14 | C194: - | D194: 97 | F194: GC | G194: 26 | H194: Van WilderIlanSoudal Quick-Step | I194: Soudal Quick-Step | L194: 9:459:45 | M194: ..
A195: 15 | B195: 15 | C195: - | D195: 171 | F195: Classic | G195: 26 | H195: PiganzoliDavideTeam Visma | Lease a Bike | I195: Pinarello Q36.5 Pro Cycling Team | L195: 9:509:50 | M195: ..
A196: 16 | B196: 17 | C196: ▲1 | D196: 18 | F196: GC | G196: 24 | H196: PidcockTomPinarello Q36.5 Pro Cycling Team | I196: Team Visma | Lease a Bike | L196: 10:4610:46 | M196: ..
... A203: 23 | B203: 24 | C203: ▲1 | D203: 17 | F203: Climber | G203: 31 | H203: KussSeppTeam Visma | Lease a Bike | I203: Team Visma | Lease a Bike | L203: 13:3313:33 | M203: ..
A204: 24 | B204: 16 | C204: ▼8 | D204: 41 | F204: Climber | G204: 33 | H204: CarapazRichardEF Education - EasyPost | I204: EF Education - EasyPost | K204: 4″ | L204: 13:3513:35 | M204: ..
A205: 25 | B205: 25 | C205: - | D205: 8 | F205: Climber | G205: 33 | H205: YatesAdamUAE Team Emirates - XRG | I205: UAE Team Emirates - XRG | L205: 14:3114:31 | M205: ..
A206: 26 | B206: 26 | C206: - | D206: 4 | F206: GC | G206: 28 | H206: McNultyBrandonUAE Team Emirates - XRG | I206: UAE Team Emirates - XRG | L206: 18:2618:26 | M206: ..
A207: 27 | B207: 27 | C207: - | D207: 82 | F207: GC | G207: 26 | H207: ArensmanThymenNetcompany INEOS | I207: Netcompany INEOS | L207: 19:1919:19 | M207: ..
A208: 28 | B208: 30 | C208: ▲2 | D208: 52 | F208: Classic | G208: 32 | H208: BenootTiesjDecathlon CMA CGM Team | I208: Decathlon CMA CGM Team | L208: 25:0625:06 | M208: ..
A209: 29 | B209: 31 | C209: ▲2 | D209: 24 | F209: Climber | G209: 30 | H209: HiguitaSergioXDS Astana Team | I209: Red Bull - BORA - hansgrohe | L209: 26:3626:36 | M209: ..
A210: 30 | B210: 29 | C210: ▼1 | D210: 61 | F210: Climber | G210: 28 | H210: HindleyJaiRed Bull - BORA - hansgrohe | I210: XDS Astana Team | L210: 26:3726:37 | M210: ..
A211: 31 | B211: 32 | C211: ▲1 | D211: 77 | F211: GC | G211: 25 | H211: TiberiAntonioBahrain - Victorious | I211: Bahrain - Victorious | L211: 27:0327:03 | M211: ..
A212: 32 | B212: 34 | C212: ▲2 | D212: 228 | F212: GC | G212: 29 | H212: ParraJosé FélixCaja Rural - Seguros RGA | I212: Caja Rural - Seguros RGA | L212: 30:3130:31 | M212: ..
A213: 33 | B213: 35 | C213: ▲2 | D213: 186 | F213: Climber | G213: 33 | H213: MartinGuillaumeGroupama - FDJ United | I213: Groupama - FDJ United | L213: 31:2231:22 | M213: ..
A214: 34 | B214: 36 | C214: ▲2 | D214: 16 | F214: GC | G214: 27 | H214: JorgensonMatteoTeam Visma | Lease a Bike | I214: Team Visma | Lease a Bike | L214: 32:2832:28 | M214: ..
A215: 35 | B215: 33 | C215: ▼2 | D215: 173 | F215: GC | G215: 31 | H215: HarperChrisPinarello Q36.5 Pro Cycling Team | I215: Pinarello Q36.5 Pro Cycling Team | L215: 32:4332:43 | M215: ..
A216: 36 | B216: 37 | C216: ▲1 | D216: 57 | F216: GC | G216: 29 | H216: ProdhommeNicolasDecathlon CMA CGM Team | I216: Decathlon CMA CGM Team | L216: 33:3933:39 | M216: ..
A217: 37 | B217: 39 | C217: ▲2 | D217: 144 | F217: Hills | G217: 25 | H217: García PiernaRaúlMovistar Team | I217: Movistar Team | K217: 4″ | L217: 35:1635:16 | M217: ..
A218: 38 | B218: 40 | C218: ▲2 | D218: 38 | F218: GC | G218: 33 | H218: VeronaCarlosLidl - Trek | I218: Lidl - Trek | L218: 37:3337:33 | M218: ..
A219: 39 | B219: 38 | C219: ▼1 | D219: 161 | F219: GC | G219: 37 | H219: IzagirreIonCofidis | I219: Cofidis | L219: 37:4537:45 | M219: ..
A220: 40 | B220: 41 | C220: ▲1 | D220: 174 | F220: Hills | G220: 30 | H220: HermansQuintenPinarello Q36.5 Pro Cycling Team | I220: Pinarello Q36.5 Pro Cycling Team | L220: 38:3038:30 | M220: ..
A221: 41 | B221: 44 | C221: ▲3 | D221: 88 | F221: GC | G221: 25 | H221: VauquelinKévinNetcompany INEOS | I221: Netcompany INEOS | L221: 40:2140:21 | M221: ..
A222: 42 | B222: 42 | C222: - | D222: 43 | F222: Climber | G222: 25 | H222: BaudinAlexEF Education - EasyPost | I222: EF Education - EasyPost | L222: 41:5441:54 | M222: ..
A223: 43 | B223: 45 | C223: ▲2 | D223: 28 | F223: Classic | G223: 26 | H223: Van GilsMaximRed Bull - BORA - hansgrohe | I223: Red Bull - BORA - hansgrohe | L223: 41:5741:57 | M223: ..
A224: 44 | B224: 46 | C224: ▲2 | D224: 3 | F224: GC | G224: 32 | H224: GroßschartnerFelixUAE Team Emirates - XRG | I224: UAE Team Emirates - XRG | L224: 42:1942:19 | M224: ..
A225: 45 | B225: 43 | C225: ▼2 | D225: 34 | F225: Hills | G225: 25 | H225: SimmonsQuinnLidl - Trek | I225: Lidl - Trek | K225: 6″ | L225: 42:3342:33 | M225: ..
A226: 46 | B226: 47 | C226: ▲1 | D226: 126 | F226: Classic | G226: 31 | H226: SkaarsethAndersUno-X Mobility | I226: Uno-X Mobility | L226: 48:1848:18 | M226: ..
A227: 47 | B227: 48 | C227: ▲1 | D227: 222 | F227: GC | G227: 26 | H227: BalderstoneAbelCaja Rural - Seguros RGA | I227: Caja Rural - Seguros RGA | L227: 51:4851:48 | M227: ..
A228: 48 | B228: 51 | C228: ▲3 | D228: 32 | F228: Climber | G228: 28 | H228: Gee-WestDerekLidl - Trek | I228: Lidl - Trek | L228: 53:2153:21 | M228: ..
A229: 49 | B229: 50 | C229: ▲1 | D229: 111 | F229: GC | G229: 30 | H229: O'ConnorBenTeam Jayco AlUla | I229: Team Jayco AlUla | L229: 54:0454:04 | M229: ..
A230: 50 | B230: 49 | C230: ▼1 | D230: 93 | F230: Climber | G230: 25 | H230: Paret-PeintreValentinSoudal Quick-Step | I230: Soudal Quick-Step | L230: 54:0554:05 | M230: ..
A231: 51 | B231: 52 | C231: ▲1 | D231: 133 | F231: GC | G231: 36 | H231: BennettGeorgeNSN Cycling Team | I231: NSN Cycling Team | L231: 55:4955:49 | M231: ..
A232: 52 | B232: 53 | C232: ▲1 | D232: 181 | F232: Classic | G232: 23 | H232: GrégoireRomainGroupama - FDJ United | I232: Groupama - FDJ United | L232: 56:2856:28 | M232: ..
A233: 53 | B233: 55 | C233: ▲2 | D233: 147 | F233: GC | G233: 27 | H233: RomoJavierMovistar Team | I233: Movistar Team | L233: 56:5856:58 | M233: ..
A234: 54 | B234: 54 | C234: - | D234: 194 | F234: Classic | G234: 27 | H234: HirschiMarcTudor Pro Cycling Team | I234: Tudor Pro Cycling Team | L234: 57:3157:31 | M234: ..
A235: 55 | B235: 57 | C235: ▲2 | D235: 203 | F235: GC | G235: 25 | H235: DelboveJorisTotalEnergies | I235: TotalEnergies | L235: 57:5257:52 | M235: ..
A236: 56 | B236: 56 | C236: - | D236: 22 | F236: TT | G236: 35 | H236: CattaneoMattiaRed Bull - BORA - hansgrohe | I236: Red Bull - BORA - hansgrohe | L236: ,,57:52 | M236: ..
A237: 57 | B237: 59 | C237: ▲2 | D237: 176 | F237: GC | G237: 34 | H237: MeurisseXandroPinarello Q36.5 Pro Cycling Team | I237: Pinarello Q36.5 Pro Cycling Team | L237: 1:00:231:00:23 | M237: ..
... A266: 86 | B266: 89 | C266: ▲3 | D266: 94 | F266: Classic | G266: 34 | H266: StuyvenJasperSoudal Quick-Step | I266: Soudal Quick-Step | L266: 1:14:161:14:16 | M266: ..
A267: 87 | B267: 91 | C267: ▲4 | D267: 33 | F267: Classic | G267: 30 | H267: PedersenMadsLidl - Trek | I267: Lidl - Trek | K267: 10″ | L267: 1:15:011:15:01 | M267: ..
A268: 88 | B268: 87 | C268: ▼1 | D268: 218 | F268: GC | G268: 25 | H268: van den BroekFrankTeam Picnic PostNL | I268: Team Picnic PostNL | L268: 1:15:081:15:08 | M268: ..
A269: 89 | B269: 82 | C269: ▼7 | D269: 134 | F269: Climber | G269: 26 | H269: FrigoMarcoNSN Cycling Team | I269: NSN Cycling Team | L269: 1:15:321:15:32 | M269: ..
A270: 90 | B270: 90 | C270: - | D270: 163 | F270: Classic | G270: 30 | H270: AranburuAlexCofidis | I270: Cofidis | L270: 1:18:031:18:03 | M270: ..
A271: 91 | B271: 97 | C271: ▲6 | D271: 195 | F271: Classic | G271: 25 | H271: PluimersRickTudor Pro Cycling Team | I271: Tudor Pro Cycling Team | L271: 1:18:201:18:20 | M271: ..
A272: 92 | B272: 98 | C272: ▲6 | D272: 124 | F272: Hills | G272: 33 | H272: CortMagnusUno-X Mobility | I272: Uno-X Mobility | L272: ,,1:18:20 | M272: ..
A273: 93 | B273: 93 | C273: - | D273: 118 | F273: Hills | G273: 26 | H273: SchmidMauroTeam Jayco AlUla | I273: Team Jayco AlUla | L273: 1:18:381:18:38 | M273: ..
A274: 94 | B274: 99 | C274: ▲5 | D274: 106 | F274: Classic | G274: 31 | H274: PlanckaertEdwardAlpecin - Premier Tech | I274: Alpecin - Premier Tech | L274: 1:18:491:18:49 | M274: ..
A275: 95 | B275: 96 | C275: ▲1 | D275: 184 | F275: GC | G275: 23 | H275: CostiouEwenGroupama - FDJ United | I275: Groupama - FDJ United | L275: 1:19:111:19:11 | M275: ..
A276: 96 | B276: 100 | C276: ▲4 | D276: 153 | F276: Classic | G276: 25 | H276: BerckmoesJennoLotto Intermarché | I276: Lotto Intermarché | L276: 1:19:331:19:33 | M276: ..
A277: 97 | B277: 94 | C277: ▼3 | D277: 117 | F277: GC | G277: 25 | H277: PlappLukeTeam Jayco AlUla | I277: Team Jayco AlUla | L277: 1:19:421:19:42 | M277: ..
A278: 98 | B278: 102 | C278: ▲4 | D278: 177 | F278: Classic | G278: 28 | H278: Van MoerBrentPinarello Q36.5 Pro Cycling Team | I278: Pinarello Q36.5 Pro Cycling Team | L278: 1:19:461:19:46 | M278: ..
A279: 99 | B279: 92 | C279: ▼7 | D279: 225 | F279: Hills | G279: 28 | H279: NicolauJoelCaja Rural - Seguros RGA | I279: Caja Rural - Seguros RGA | L279: ,,1:19:46 | M279: ..
... A313: 133 | B313: 133 | C313: - | D313: 227 | F313: GC | G313: 28 | H313: OtrubaJakubCaja Rural - Seguros RGA | I313: Caja Rural - Seguros RGA | L313: 1:32:211:32:21 | M313: ..
A314: 134 | B314: 136 | C314: ▲2 | D314: 64 | F314: Sprint | G314: 28 | H314: KanterMaxXDS Astana Team | I314: XDS Astana Team | K314: 6″ | L314: 1:32:341:32:34 | M314: ..
A315: 135 | B315: 137 | C315: ▲2 | D315: 131 | F315: Classic | G315: 26 | H315: GirmayBiniamNSN Cycling Team | I315: NSN Cycling Team | K315: 4″ | L315: 1:32:491:32:49 | M315: ..
A316: 136 | B316: 135 | C316: ▼1 | D316: 103 | F316: Classic | G316: 35 | H316: DillierSilvanAlpecin - Premier Tech | I316: Alpecin - Premier Tech | L316: 1:33:061:33:06 | M316: ..
...

Sheet stage08
A1: Rnk | B1: GC | C1: Timelag | D1: BIB | E1: H2H | F1: Specialty | G1: Age | H1: Rider | I1: Team | J1: UCI | K1: Pnt | M1: Time
A2: 1 | B2: 164 | C2: +1:49:01 | D2: 91 | F2: Sprint | G2: 33 | H2: MerlierTimSoudal Quick-Step | I2: Soudal Quick-Step | J2: 210 | K2: 100 | L2: 10″ | M2: 3:52:503:52:50
A3: 2 | B3: 132 | C3: +1:32:43 | D3: 131 | F3: Classic | G3: 26 | H3: GirmayBiniamNSN Cycling Team | I3: NSN Cycling Team | J3: 150 | K3: 70 | L3: 6″ | M3: ,,0:00
A4: 3 | B4: 169 | C4: +1:51:13 | D4: 55 | F4: Sprint | G4: 24 | H4: KooijOlavDecathlon CMA CGM Team | I4: Decathlon CMA CGM Team | J4: 110 | K4: 50 | L4: 4″ | M4: ,,0:00
A5: 4 | B5: 143 | C5: +1:38:03 | D5: 105 | F5: Sprint | G5: 28 | H5: PhilipsenJasperAlpecin - Premier Tech | I5: Alpecin - Premier Tech | J5: 90 | K5: 40 | M5: ,,0:00
A6: 5 | B6: 155 | C6: +1:44:25 | D6: 213 | F6: Sprint | G6: 23 | H6: BittnerPavelTeam Picnic PostNL | I6: Team Picnic PostNL | J6: 70 | K6: 32 | M6: ,,0:00
A7: 6 | B7: 89 | C7: +1:18:20 | D7: 195 | F7: Classic | G7: 25 | H7: AckermannPascalTeam Jayco AlUla | I7: Tudor Pro Cycling Team | J7: 55 | K7: 26 | M7: ,,0:00
A8: 7 | B8: 159 | C8: +1:47:07 | D8: 112 | F8: Sprint | G8: 32 | H8: PluimersRickTudor Pro Cycling Team | I8: Team Jayco AlUla | J8: 45 | K8: 22 | M8: ,,0:00
A9: 8 | B9: 80 | C9: +1:13:15 | D9: 188 | F9: Classic | G9: 31 | H9: RussoClémentGroupama - FDJ United | I9: Groupama - FDJ United | J9: 40 | K9: 18 | M9: ,,0:00
A10: 9 | B10: 131 | C10: +1:32:34 | D10: 64 | F10: Sprint | G10: 28 | H10: KanterMaxXDS Astana Team | I10: XDS Astana Team | J10: 35 | K10: 14 | M10: ,,0:00
A11: 10 | B11: 156 | C11: +1:46:05 | D11: 165 | F11: Classic | G11: 25 | H11: FretinMilanCofidis | I11: Cofidis | J11: 30 | K11: 10 | M11: ,,0:00
A12: 11 | B12: 141 | C12: +1:36:43 | D12: 128 | F12: Classic | G12: 26 | H12: WærenskjoldSørenUno-X Mobility | I12: Uno-X Mobility | J12: 25 | K12: 8 | M12: ,,0:00
A13: 12 | B13: 85 | C13: +1:15:01 | D13: 33 | F13: Classic | G13: 30 | H13: PedersenMadsLidl - Trek | I13: Lidl - Trek | J13: 20 | K13: 6 | M13: ,,0:00
A14: 13 | B14: 163 | C14: +1:48:41 | D14: 221 | F14: Sprint | G14: 31 | H14: GaviriaFernandoCaja Rural - Seguros RGA | I14: Caja Rural - Seguros RGA | J14: 15 | K14: 4 | M14: ,,0:00
A15: 14 | B15: 154 | C15: +1:43:30 | D15: 85 | F15: Hills | G15: 30 | H15: GodonDorianNetcompany INEOS | I15: Netcompany INEOS | J15: 10 | K15: 2 | M15: ,,0:00
A16: 15 | B16: 102 | C16: +1:23:24 | D16: 207 | F16: Classic | G16: 32 | H16: van der PoelMathieuAlpecin - Premier Tech | I16: TotalEnergies | J16: 5 | K16: 1 | M16: ,,0:00
A17: 16 | B17: 75 | C17: +1:10:02 | D17: 101 | F17: Classic | G17: 31 | H17: TurgisAnthonyTotalEnergies | I17: Alpecin - Premier Tech | M17: ,,0:00
A18: 17 | B18: 166 | C18: +1:49:36 | D18: 72 | F18: Sprint | G18: 32 | H18: BauhausPhilBahrain - Victorious | I18: Bahrain - Victorious | M18: ,,0:00
A19: 18 | B19: 94 | C19: +1:19:33 | D19: 153 | F19: Classic | G19: 25 | H19: BerckmoesJennoLotto Intermarché | I19: Lotto Intermarché | M19: ,,0:00
A20: 19 | B20: 150 | C20: +1:40:51 | D20: 178 | F20: Hills | G20: 27 | H20: WrightFredPinarello Q36.5 Pro Cycling Team | I20: Pinarello Q36.5 Pro Cycling Team | M20: ,,0:00
A21: 20 | B21: 99 | C21: +1:21:00 | D21: 187 | F21: Hills | G21: 34 | H21: PacherQuentinGroupama - FDJ United | I21: Groupama - FDJ United | M21: ,,0:00
A22: 21 | B22: 110 | C22: +1:24:27 | D22: 123 | F22: GC | G22: 28 | H22: CharmigAnthonUno-X Mobility | I22: Uno-X Mobility | M22: ,,0:00
A23: 22 | B23: 91 | C23: +1:18:38 | D23: 118 | F23: Hills | G23: 26 | H23: SchmidMauroTeam Jayco AlUla | I23: Team Jayco AlUla | M23: ,,0:00
A24: 23 | B24: 146 | C24: +1:39:03 | D24: 216 | F24: Sprint | G24: 27 | H24: MärklNiklasTeam Picnic PostNL | I24: Team Picnic PostNL | M24: ,,0:00
A25: 24 | B25: 61 | C25: +1:03:10 | D25: 56 | F25: GC | G25: 30 | H25: Paret-PeintreAurélienDecathlon CMA CGM Team | I25: Decathlon CMA CGM Team | M25: ,,0:00
A26: 25 | B26: 15 | C26: +9:50 | D26: 171 | F26: Classic | G26: 26 | H26: PidcockTomPinarello Q36.5 Pro Cycling Team | I26: Pinarello Q36.5 Pro Cycling Team | M26: ,,0:00
A27: 26 | B27: 86 | C27: +1:15:08 | D27: 218 | F27: GC | G27: 25 | H27: van den BroekFrankTeam Picnic PostNL | I27: Team Picnic PostNL | M27: ,,0:00
A28: 27 | B28: 129 | C28: +1:30:08 | D28: 66 | F28: Classic | G28: 33 | H28: TeunissenMikeXDS Astana Team | I28: XDS Astana Team | M28: ,,0:00
... A177: 176 | B177: 125 | C177: +1:29:38 | D177: 108 | F177: Climber | G177: 24 | H177: VerstryngeEmielAlpecin - Premier Tech | I177: Alpecin - Premier Tech | M177: 6:126:12
A179: Rnk | B179: Prev | C179: ▼▲ | D179: BIB | E179: H2H | F179: Specialty | G179: Age | H179: Rider | I179: Team | J179: UCI | L179: Time | M179: Time won/lost
A180: 1 | B180: 1 | C180: - | D180: 1 | F180: Climber | G180: 27 | H180: PogačarTadejUAE Team Emirates - XRG | I180: UAE Team Emirates - XRG | J180: 25 | K180: 26″ | L180: 28:49:07 28:49:07 | M180: ..
A181: 2 | B181: 2 | C181: - | D181: 11 | F181: GC | G181: 29 | H181: VingegaardJonasTeam Visma | Lease a Bike | I181: Team Visma | Lease a Bike | K181: 12″ | L181: 2:422:42 | M181: ..
A182: 3 | B182: 3 | C182: - | D182: 2 | F182: Climber | G182: 22 | H182: del ToroIsaacUAE Team Emirates - XRG | I182: UAE Team Emirates - XRG | K182: 14″ | L182: 3:273:27 | M182: ..
A183: 4 | B183: 4 | C183: - | D183: 21 | F183: Climber | G183: 26 | H183: EvenepoelRemcoRed Bull - BORA - hansgrohe | I183: Red Bull - BORA - hansgrohe | K183: 4″ | L183: 3:303:30 | M183: ..
A184: 5 | B184: 5 | C184: - | D184: 31 | F184: Climber | G184: 23 | H184: AyusoJuanLidl - Trek | I184: Lidl - Trek | L184: 3:343:34 | M184: ..
A185: 6 | B185: 6 | C185: - | D185: 51 | F185: Climber | G185: 19 | H185: SeixasPaulDecathlon CMA CGM Team | I185: Decathlon CMA CGM Team | L185: 3:553:55 | M185: ..
A186: 7 | B186: 7 | C186: - | D186: 25 | F186: GC | G186: 25 | H186: LipowitzFlorianRed Bull - BORA - hansgrohe | I186: Red Bull - BORA - hansgrohe | L186: 4:004:00 | M186: ..
A187: 8 | B187: 8 | C187: - | D187: 71 | F187: Climber | G187: 23 | H187: MartinezLennyBahrain - Victorious | I187: Bahrain - Victorious | L187: 4:214:21 | M187: ..
A188: 9 | B188: 9 | C188: - | D188: 35 | F188: Climber | G188: 25 | H188: VacekMathiasLidl - Trek | I188: Lidl - Trek | L188: 4:574:57 | M188: ..
A189: 10 | B189: 10 | C189: - | D189: 37 | F189: TT | G189: 24 | H189: SkjelmoseMattiasLidl - Trek | I189: Lidl - Trek | L189: 7:107:10 | M189: ..
A190: 11 | B190: 11 | C190: - | D190: 81 | F190: GC | G190: 29 | H190: BernalEganNetcompany INEOS | I190: Netcompany INEOS | L190: 9:129:12 | M190: ..
A191: 12 | B191: 12 | C191: - | D191: 45 | F191: Hills | G191: 26 | H191: QuinnSeanEF Education - EasyPost | I191: EF Education - EasyPost | L191: 9:359:35 | M191: ..
A192: 13 | B192: 13 | C192: - | D192: 121 | F192: Climber | G192: 26 | H192: JohannessenTobias HallandUno-X Mobility | I192: Uno-X Mobility | L192: 9:429:42 | M192: ..
A193: 14 | B193: 14 | C193: - | D193: 97 | F193: GC | G193: 26 | H193: Van WilderIlanSoudal Quick-Step | I193: Soudal Quick-Step | L193: 9:459:45 | M193: ..
A194: 15 | B194: 15 | C194: - | D194: 171 | F194: Classic | G194: 26 | H194: PidcockTomPinarello Q36.5 Pro Cycling Team | I194: Pinarello Q36.5 Pro Cycling Team | L194: 9:509:50 | M194: ..
A195: 16 | B195: 16 | C195: - | D195: 18 | F195: GC | G195: 24 | H195: PiganzoliDavideTeam Visma | Lease a Bike | I195: Team Visma | Lease a Bike | L195: 10:4610:46 | M195: ..
... A203: 24 | B203: 25 | C203: ▲1 | D203: 8 | F203: Climber | G203: 33 | H203: YatesAdamUAE Team Emirates - XRG | I203: UAE Team Emirates - XRG | L203: 14:3114:31 | M203: ..
A204: 25 | B204: 24 | C204: ▼1 | D204: 41 | F204: Climber | G204: 33 | H204: CarapazRichardEF Education - EasyPost | I204: EF Education - EasyPost | K204: 4″ | L204: 15:2415:24 | M204: ..
A205: 26 | B205: 26 | C205: - | D205: 4 | F205: GC | G205: 28 | H205: McNultyBrandonUAE Team Emirates - XRG | I205: UAE Team Emirates - XRG | L205: 18:2618:26 | M205: ..
A206: 27 | B206: 27 | C206: - | D206: 82 | F206: GC | G206: 26 | H206: ArensmanThymenNetcompany INEOS | I206: Netcompany INEOS | L206: 19:5419:54 | M206: ..
A207: 28 | B207: 28 | C207: - | D207: 52 | F207: Classic | G207: 32 | H207: BenootTiesjDecathlon CMA CGM Team | I207: Decathlon CMA CGM Team | L207: 26:1726:17 | M207: ..
A208: 29 | B208: 31 | C208: ▲2 | D208: 77 | F208: GC | G208: 25 | H208: TiberiAntonioBahrain - Victorious | I208: Bahrain - Victorious | L208: 27:0327:03 | M208: ..
A209: 30 | B209: 29 | C209: ▼1 | D209: 24 | F209: Climber | G209: 30 | H209: HindleyJaiRed Bull - BORA - hansgrohe | I209: Red Bull - BORA - hansgrohe | L209: 27:1127:11 | M209: ..
A210: 31 | B210: 30 | C210: ▼1 | D210: 61 | F210: Climber | G210: 28 | H210: HiguitaSergioXDS Astana Team | I210: XDS Astana Team | L210: 28:2628:26 | M210: ..
A211: 32 | B211: 32 | C211: - | D211: 228 | F211: GC | G211: 29 | H211: ParraJosé FélixCaja Rural - Seguros RGA | I211: Caja Rural - Seguros RGA | L211: 30:3130:31 | M211: ..
A212: 33 | B212: 33 | C212: - | D212: 186 | F212: Climber | G212: 33 | H212: MartinGuillaumeGroupama - FDJ United | I212: Groupama - FDJ United | L212: 31:2231:22 | M212: ..
A213: 34 | B213: 34 | C213: - | D213: 16 | F213: GC | G213: 27 | H213: JorgensonMatteoTeam Visma | Lease a Bike | I213: Team Visma | Lease a Bike | L213: 32:2832:28 | M213: ..
A214: 35 | B214: 35 | C214: - | D214: 173 | F214: GC | G214: 31 | H214: HarperChrisPinarello Q36.5 Pro Cycling Team | I214: Pinarello Q36.5 Pro Cycling Team | L214: 32:4332:43 | M214: ..
A215: 36 | B215: 36 | C215: - | D215: 57 | F215: GC | G215: 29 | H215: ProdhommeNicolasDecathlon CMA CGM Team | I215: Decathlon CMA CGM Team | L215: 34:5034:50 | M215: ..
A216: 37 | B216: 37 | C216: - | D216: 144 | F216: Hills | G216: 25 | H216: García PiernaRaúlMovistar Team | I216: Movistar Team | K216: 4″ | L216: 37:0537:05 | M216: ..
A217: 38 | B217: 38 | C217: - | D217: 38 | F217: GC | G217: 33 | H217: VeronaCarlosLidl - Trek | I217: Lidl - Trek | L217: 38:0838:08 | M217: ..
A218: 39 | B218: 40 | C218: ▲1 | D218: 174 | F218: Hills | G218: 30 | H218: HermansQuintenPinarello Q36.5 Pro Cycling Team | I218: Pinarello Q36.5 Pro Cycling Team | L218: 39:0539:05 | M218: ..
A219: 40 | B219: 39 | C219: ▼1 | D219: 161 | F219: GC | G219: 37 | H219: IzagirreIonCofidis | I219: Cofidis | L219: 39:3439:34 | M219: ..
A220: 41 | B220: 41 | C220: - | D220: 88 | F220: GC | G220: 25 | H220: VauquelinKévinNetcompany INEOS | I220: Netcompany INEOS | L220: 40:2140:21 | M220: ..
A221: 42 | B221: 43 | C221: ▲1 | D221: 28 | F221: Classic | G221: 26 | H221: Van GilsMaximRed Bull - BORA - hansgrohe | I221: Red Bull - BORA - hansgrohe | L221: 41:5741:57 | M221: ..
A222: 43 | B222: 42 | C222: ▼1 | D222: 43 | F222: Climber | G222: 25 | H222: BaudinAlexEF Education - EasyPost | I222: EF Education - EasyPost | L222: 43:4343:43 | M222: ..
A223: 44 | B223: 45 | C223: ▲1 | D223: 34 | F223: Hills | G223: 25 | H223: SimmonsQuinnLidl - Trek | I223: Lidl - Trek | K223: 6″ | L223: 43:4443:44 | M223: ..
A224: 45 | B224: 44 | C224: ▼1 | D224: 3 | F224: GC | G224: 32 | H224: GroßschartnerFelixUAE Team Emirates - XRG | I224: UAE Team Emirates - XRG | L224: 44:0844:08 | M224: ..
A225: 46 | B225: 46 | C225: - | D225: 126 | F225: Classic | G225: 31 | H225: SkaarsethAndersUno-X Mobility | I225: Uno-X Mobility | L225: 48:1848:18 | M225: ..
A226: 47 | B226: 48 | C226: ▲1 | D226: 32 | F226: Climber | G226: 28 | H226: Gee-WestDerekLidl - Trek | I226: Lidl - Trek | L226: 53:2153:21 | M226: ..
A227: 48 | B227: 47 | C227: ▼1 | D227: 222 | F227: GC | G227: 26 | H227: BalderstoneAbelCaja Rural - Seguros RGA | I227: Caja Rural - Seguros RGA | L227: ,,53:21 | M227: ..
A228: 49 | B228: 49 | C228: - | D228: 111 | F228: GC | G228: 30 | H228: O'ConnorBenTeam Jayco AlUla | I228: Team Jayco AlUla | L228: 55:5355:53 | M228: ..
A229: 50 | B229: 50 | C229: - | D229: 93 | F229: Climber | G229: 25 | H229: Paret-PeintreValentinSoudal Quick-Step | I229: Soudal Quick-Step | L229: 56:4656:46 | M229: ..
A230: 51 | B230: 52 | C230: ▲1 | D230: 181 | F230: Classic | G230: 23 | H230: GrégoireRomainGroupama - FDJ United | I230: Groupama - FDJ United | L230: 57:0357:03 | M230: ..
A231: 52 | B231: 53 | C231: ▲1 | D231: 147 | F231: GC | G231: 27 | H231: RomoJavierMovistar Team | I231: Movistar Team | L231: 57:3357:33 | M231: ..
A232: 53 | B232: 51 | C232: ▼2 | D232: 133 | F232: GC | G232: 36 | H232: BennettGeorgeNSN Cycling Team | I232: NSN Cycling Team | L232: 57:3857:38 | M232: ..
A233: 54 | B233: 56 | C233: ▲2 | D233: 22 | F233: TT | G233: 35 | H233: CattaneoMattiaRed Bull - BORA - hansgrohe | I233: Red Bull - BORA - hansgrohe | L233: 57:5257:52 | M233: ..
A234: 55 | B234: 55 | C234: - | D234: 203 | F234: GC | G234: 25 | H234: DelboveJorisTotalEnergies | I234: TotalEnergies | L234: ,,57:52 | M234: ..
A235: 56 | B235: 54 | C235: ▼2 | D235: 194 | F235: Classic | G235: 27 | H235: HirschiMarcTudor Pro Cycling Team | I235: Tudor Pro Cycling Team | L235: 59:2059:20 | M235: ..
... A263: 84 | B263: 85 | C263: ▲1 | D263: 23 | F263: Hills | G263: 32 | H263: DenzNicoRed Bull - BORA - hansgrohe | I263: Red Bull - BORA - hansgrohe | L263: 1:14:431:14:43 | M263: ..
A264: 85 | B264: 87 | C264: ▲2 | D264: 33 | F264: Classic | G264: 30 | H264: PedersenMadsLidl - Trek | I264: Lidl - Trek | K264: 10″ | L264: 1:15:011:15:01 | M264: ..
A265: 86 | B265: 88 | C265: ▲2 | D265: 218 | F265: GC | G265: 25 | H265: van den BroekFrankTeam Picnic PostNL | I265: Team Picnic PostNL | L265: 1:15:081:15:08 | M265: ..
A266: 87 | B266: 83 | C266: ▼4 | D266: 58 | F266: GC | G266: 24 | H266: RiccitelloMatthewDecathlon CMA CGM Team | I266: Decathlon CMA CGM Team | L266: 1:15:201:15:20 | M266: ..
A267: 88 | B267: 84 | C267: ▼4 | D267: 115 | F267: Classic | G267: 35 | H267: MatthewsMichaelTeam Jayco AlUla | I267: Team Jayco AlUla | L267: ,,1:15:20 | M267: ..
A268: 89 | B268: 91 | C268: ▲2 | D268: 195 | F268: Classic | G268: 25 | H268: PluimersRickTudor Pro Cycling Team | I268: Tudor Pro Cycling Team | L268: 1:18:201:18:20 | M268: ..
A269: 90 | B269: 92 | C269: ▲2 | D269: 124 | F269: Hills | G269: 33 | H269: CortMagnusUno-X Mobility | I269: Uno-X Mobility | L269: ,,1:18:20 | M269: ..
A270: 91 | B270: 93 | C270: ▲2 | D270: 118 | F270: Hills | G270: 26 | H270: SchmidMauroTeam Jayco AlUla | I270: Team Jayco AlUla | L270: 1:18:381:18:38 | M270: ..
A271: 92 | B271: 94 | C271: ▲2 | D271: 106 | F271: Classic | G271: 31 | H271: PlanckaertEdwardAlpecin - Premier Tech | I271: Alpecin - Premier Tech | L271: 1:19:241:19:24 | M271: ..
A272: 93 | B272: 89 | C272: ▼4 | D272: 134 | F272: Climber | G272: 26 | H272: FrigoMarcoNSN Cycling Team | I272: NSN Cycling Team | L272: 1:19:281:19:28 | M272: ..
A273: 94 | B273: 96 | C273: ▲2 | D273: 153 | F273: Classic | G273: 25 | H273: BerckmoesJennoLotto Intermarché | I273: Lotto Intermarché | L273: 1:19:331:19:33 | M273: ..
A274: 95 | B274: 90 | C274: ▼5 | D274: 163 | F274: Classic | G274: 30 | H274: AranburuAlexCofidis | I274: Cofidis | L274: 1:19:521:19:52 | M274: ..
A275: 96 | B275: 100 | C275: ▲4 | D275: 122 | F275: Classic | G275: 30 | H275: AbrahamsenJonasUno-X Mobility | I275: Uno-X Mobility | L275: 1:20:201:20:20 | M275: ..
A276: 97 | B276: 102 | C276: ▲5 | D276: 98 | F276: GC | G276: 32 | H276: VervaekeLouisSoudal Quick-Step | I276: Soudal Quick-Step | L276: 1:20:361:20:36 | M276: ..
... A309: 130 | B309: 129 | C309: ▼1 | D309: 168 | F309: TT | G309: 30 | H309: ThomasBenjaminCofidis | I309: Cofidis | L309: 1:30:471:30:47 | M309: ..
A310: 131 | B310: 134 | C310: ▲3 | D310: 64 | F310: Sprint | G310: 28 | H310: KanterMaxXDS Astana Team | I310: XDS Astana Team | K310: 6″ | L310: 1:32:341:32:34 | M310: ..
A311: 132 | B311: 135 | C311: ▲3 | D311: 131 | F311: Classic | G311: 26 | H311: GirmayBiniamNSN Cycling Team | I311: NSN Cycling Team | K311: 10″ | L311: 1:32:431:32:43 | M311: ..
A312: 133 | B312: 132 | C312: ▼1 | D312: 95 | F312: Classic | G312: 34 | H312: van BaarleDylanSoudal Quick-Step | I312: Soudal Quick-Step | L312: 1:32:541:32:54 | M312: ..
A313: 134 | B313: 130 | C313: ▼4 | D313: 191 | F313: Classic | G313: 34 | H313: AlaphilippeJulianTudor Pro Cycling Team | I313: Tudor Pro Cycling Team | L313: 1:33:191:33:19 | M313: ..
A314: 135 | B314: 137 | C314: ▲2 | D314: 86 | F314: Classic | G314: 36 | H314: KwiatkowskiMichałNetcompany INEOS | I314: Netcompany INEOS | L314: 1:33:481:33:48 | M314: ..
A315: 136 | B315: 133 | C315: ▼3 | D315: 227 | F315: GC | G315: 28 | H315: OtrubaJakubCaja Rural - Seguros RGA | I315: Caja Rural - Seguros RGA | L315: 1:34:101:34:10 | M315: ..
...

Sheet Stage09
A1: Rnk | B1: GC | C1: Timelag | D1: BIB | E1: H2H | F1: Specialty | G1: Age | H1: Rider | I1: Team | J1: UCI | K1: Pnt | M1: Time
A2: 1 | B2: 56 | C2: +1:09:46 | D2: 101 | F2: Classic | G2: 31 | H2: van der PoelMathieu Alpecin - Premier Tech | I2: Alpecin - Premier Tech | J2: 210 | K2: 100 | L2: 10″ | M2: 3:27:513:27:51
A3: 2 | B3: 11 | C3: +9:30 | D3: 121 | F3: Climber | G3: 26 | H3: JohannessenTobias Halland Uno-X Mobility | I3: Uno-X Mobility | J3: 150 | K3: 70 | L3: 6″ | M3: ,,0:00
A4: 3 | B4: 13 | C4: +9:40 | D4: 171 | F4: Classic | G4: 26 | H4: PidcockTom Pinarello Q36.5 Pro Cycling Team | I4: Pinarello Q36.5 Pro Cycling Team | J4: 110 | K4: 50 | L4: 4″ | M4: ,,0:00
A5: 4 | B5: 36 | C5: +43:37 | D5: 43 | F5: Climber | G5: 25 | H5: BaudinAlex EF Education - EasyPost | I5: EF Education - EasyPost | J5: 90 | K5: 40 | M5: ,,0:00
A6: 5 | B6: 121 | C6: +1:49:20 | D6: 84 | F6: TT | G6: 29 | H6: GannaFilippoNetcompany INEOS | I6: Netcompany INEOS | J6: 70 | K6: 32 | M6: 0:060:06
A7: 6 | B7: 63 | C7: +1:15:01 | D7: 33 | F7: Classic | G7: 30 | H7: MatthewsMichaelTeam Jayco AlUla | I7: Lidl - Trek | J7: 55 | K7: 26 | M7: ,,0:06
A8: 7 | B8: 66 | C8: +1:15:20 | D8: 115 | F8: Classic | G8: 35 | H8: PedersenMadsLidl - Trek | I8: Team Jayco AlUla | J8: 45 | K8: 22 | M8: ,,0:06
A9: 8 | B9: 52 | C9: +1:07:33 | D9: 202 | F9: GC | G9: 26 | H9: BreuillardNicolasTotalEnergies | I9: TotalEnergies | J9: 40 | K9: 18 | M9: ,,0:06
A10: 9 | B10: 17 | C10: +10:56 | D10: 201 | F10: Climber | G10: 27 | H10: JegatJordanTotalEnergies | I10: TotalEnergies | J10: 35 | K10: 14 | M10: ,,0:06
A11: 10 | B11: 12 | C11: +9:35 | D11: 45 | F11: Hills | G11: 26 | H11: QuinnSeanEF Education - EasyPost | I11: EF Education - EasyPost | J11: 30 | K11: 10 | M11: ,,0:06
A12: 11 | B12: 1 | C12: +0:00 | D12: 1 | F12: Climber | G12: 27 | H12: PogačarTadejUAE Team Emirates - XRG | I12: UAE Team Emirates - XRG | J12: 25 | K12: 8 | M12: ,,0:06
A13: 12 | B13: 4 | C13: +3:30 | D13: 21 | F13: Climber | G13: 26 | H13: EvenepoelRemcoRed Bull - BORA - hansgrohe | I13: Red Bull - BORA - hansgrohe | J13: 20 | K13: 6 | M13: ,,0:06
A14: 13 | B14: 3 | C14: +3:27 | D14: 2 | F14: Climber | G14: 22 | H14: del ToroIsaacUAE Team Emirates - XRG | I14: UAE Team Emirates - XRG | J14: 15 | K14: 4 | M14: ,,0:06
A15: 14 | B15: 69 | C15: +1:19:52 | D15: 163 | F15: Classic | G15: 30 | H15: AranburuAlexCofidis | I15: Cofidis | J15: 10 | K15: 2 | M15: ,,0:06
A16: 15 | B16: 6 | C16: +3:55 | D16: 51 | F16: Climber | G16: 19 | H16: BenootTiesjDecathlon CMA CGM Team | I16: Decathlon CMA CGM Team | J16: 5 | K16: 1 | M16: ,,0:06
A17: 16 | B17: 27 | C17: +26:17 | D17: 52 | F17: Classic | G17: 32 | H17: SeixasPaulDecathlon CMA CGM Team | I17: Decathlon CMA CGM Team | M17: ,,0:06
A18: 17 | B18: 19 | C18: +13:15 | D18: 102 | F18: Climber | G18: 23 | H18: DebruyneRamsesAlpecin - Premier Tech | I18: Alpecin - Premier Tech | M18: ,,0:06
A19: 18 | B19: 18 | C19: +12:21 | D19: 198 | F19: GC | G19: 27 | H19: VoisardYannisTudor Pro Cycling Team | I19: Tudor Pro Cycling Team | M19: ,,0:06
A20: 19 | B20: 2 | C20: +2:42 | D20: 11 | F20: GC | G20: 29 | H20: VingegaardJonasTeam Visma | Lease a Bike | I20: Team Visma | Lease a Bike | M20: ,,0:06
A21: 20 | B21: 7 | C21: +4:00 | D21: 25 | F21: GC | G21: 25 | H21: LipowitzFlorianRed Bull - BORA - hansgrohe | I21: Red Bull - BORA - hansgrohe | M21: ,,0:06
A22: 21 | B22: 9 | C22: +4:57 | D22: 35 | F22: Climber | G22: 25 | H22: SkjelmoseMattiasLidl - Trek | I22: Lidl - Trek | M22: ,,0:06
A23: 22 | B23: 14 | C23: +9:45 | D23: 97 | F23: GC | G23: 26 | H23: Van WilderIlanSoudal Quick-Step | I23: Soudal Quick-Step | M23: ,,0:06
A24: 23 | B24: 54 | C24: +1:08:34 | D24: 183 | F24: Climber | G24: 26 | H24: Braz AfonsoClémentGroupama - FDJ United | I24: Groupama - FDJ United | M24: ,,0:06
A25: 24 | B25: 15 | C25: +10:46 | D25: 18 | F25: GC | G25: 24 | H25: PiganzoliDavideTeam Visma | Lease a Bike | I25: Team Visma | Lease a Bike | M25: ,,0:06
A26: 25 | B26: 20 | C26: +13:33 | D26: 17 | F26: Climber | G26: 31 | H26: KussSeppTeam Visma | Lease a Bike | I26: Team Visma | Lease a Bike | M26: ,,0:06
A27: 26 | B27: 23 | C27: +15:24 | D27: 41 | F27: Climber | G27: 33 | H27: CarapazRichardEF Education - EasyPost | I27: EF Education - EasyPost | M27: ,,0:06
A28: 27 | B28: 5 | C28: +3:34 | D28: 31 | F28: Climber | G28: 23 | H28: AyusoJuanLidl - Trek | I28: Lidl - Trek | M28: ,,0:06
... A177: 176 | B177: 125 | C177: +1:50:26 | D177: 107 | F177: Classic | G177: 32 | H177: RickaertJonasAlpecin - Premier Tech | I177: Alpecin - Premier Tech | M177: ,,26:55
A179: Rnk | B179: Prev | C179: ▼▲ | D179: BIB | E179: H2H | F179: Specialty | G179: Age | H179: Rider | I179: Team | J179: UCI | L179: Time | M179: Time won/lost
A180: 1 | B180: 1 | C180: - | D180: 1 | F180: Climber | G180: 27 | H180: PogačarTadejUAE Team Emirates - XRG | I180: UAE Team Emirates - XRG | J180: 25 | K180: 26″ | L180: 32:17:04 32:17:04 | M180: ..
A181: 2 | B181: 2 | C181: - | D181: 11 | F181: GC | G181: 29 | H181: VingegaardJonasTeam Visma | Lease a Bike | I181: Team Visma | Lease a Bike | K181: 12″ | L181: 2:422:42 | M181: ..
A182: 3 | B182: 3 | C182: - | D182: 2 | F182: Climber | G182: 22 | H182: del ToroIsaacUAE Team Emirates - XRG | I182: UAE Team Emirates - XRG | K182: 14″ | L182: 3:273:27 | M182: ..
A183: 4 | B183: 4 | C183: - | D183: 21 | F183: Climber | G183: 26 | H183: EvenepoelRemcoRed Bull - BORA - hansgrohe | I183: Red Bull - BORA - hansgrohe | K183: 4″ | L183: 3:303:30 | M183: ..
A184: 5 | B184: 5 | C184: - | D184: 31 | F184: Climber | G184: 23 | H184: AyusoJuanLidl - Trek | I184: Lidl - Trek | L184: 3:343:34 | M184: ..
A185: 6 | B185: 6 | C185: - | D185: 51 | F185: Climber | G185: 19 | H185: SeixasPaulDecathlon CMA CGM Team | I185: Decathlon CMA CGM Team | L185: 3:553:55 | M185: ..
A186: 7 | B186: 7 | C186: - | D186: 25 | F186: GC | G186: 25 | H186: LipowitzFlorianRed Bull - BORA - hansgrohe | I186: Red Bull - BORA - hansgrohe | L186: 4:004:00 | M186: ..
A187: 8 | B187: 8 | C187: - | D187: 71 | F187: Climber | G187: 23 | H187: SkjelmoseMattiasLidl - Trek | I187: Bahrain - Victorious | L187: 4:214:21 | M187: ..
A188: 9 | B188: 9 | C188: - | D188: 35 | F188: Climber | G188: 25 | H188: MartinezLennyBahrain - Victorious | I188: Lidl - Trek | L188: 4:574:57 | M188: ..
A189: 10 | B189: 11 | C189: ▲1 | D189: 81 | F189: GC | G189: 29 | H189: BernalEganNetcompany INEOS | I189: Netcompany INEOS | L189: 9:129:12 | M189: ..
A190: 11 | B190: 13 | C190: ▲2 | D190: 121 | F190: Climber | G190: 26 | H190: JohannessenTobias HallandUno-X Mobility | I190: Uno-X Mobility | K190: 6″ | L190: 9:309:30 | M190: ..
A191: 12 | B191: 12 | C191: - | D191: 45 | F191: Hills | G191: 26 | H191: QuinnSeanEF Education - EasyPost | I191: EF Education - EasyPost | L191: 9:359:35 | M191: ..
A192: 13 | B192: 15 | C192: ▲2 | D192: 171 | F192: Classic | G192: 26 | H192: PidcockTomPinarello Q36.5 Pro Cycling Team | I192: Pinarello Q36.5 Pro Cycling Team | K192: 4″ | L192: 9:409:40 | M192: ..
A193: 14 | B193: 14 | C193: - | D193: 97 | F193: GC | G193: 26 | H193: Van WilderIlanSoudal Quick-Step | I193: Soudal Quick-Step | L193: 9:459:45 | M193: ..
A194: 15 | B194: 16 | C194: ▲1 | D194: 18 | F194: GC | G194: 24 | H194: PiganzoliDavideTeam Visma | Lease a Bike | I194: Team Visma | Lease a Bike | L194: 10:4610:46 | M194: ..
A195: 16 | B195: 17 | C195: ▲1 | D195: 156 | F195: Climber | G195: 24 | H195: Van EetveltLennertLotto Intermarché | I195: Lotto Intermarché | L195: 10:5110:51 | M195: ..
A196: 17 | B196: 18 | C196: ▲1 | D196: 201 | F196: Climber | G196: 27 | H196: JegatJordanTotalEnergies | I196: TotalEnergies | L196: 10:5610:56 | M196: ..
A197: 18 | B197: 19 | C197: ▲1 | D197: 198 | F197: GC | G197: 27 | H197: VoisardYannisTudor Pro Cycling Team | I197: Tudor Pro Cycling Team | L197: 12:2112:21 | M197: ..
A198: 19 | B198: 21 | C198: ▲2 | D198: 102 | F198: Climber | G198: 23 | H198: KussSeppTeam Visma | Lease a Bike | I198: Alpecin - Premier Tech | L198: 13:1513:15 | M198: ..
A199: 20 | B199: 23 | C199: ▲3 | D199: 17 | F199: Climber | G199: 31 | H199: DebruyneRamsesAlpecin - Premier Tech | I199: Team Visma | Lease a Bike | L199: 13:3313:33 | M199: ..
A200: 21 | B200: 22 | C200: ▲1 | D200: 142 | F200: Climber | G200: 25 | H200: CastrilloPabloMovistar Team | I200: Movistar Team | L200: 13:3713:37 | M200: ..
A201: 22 | B201: 24 | C201: ▲2 | D201: 8 | F201: Climber | G201: 33 | H201: YatesAdamUAE Team Emirates - XRG | I201: UAE Team Emirates - XRG | L201: 14:3114:31 | M201: ..
A202: 23 | B202: 25 | C202: ▲2 | D202: 41 | F202: Climber | G202: 33 | H202: CarapazRichardEF Education - EasyPost | I202: EF Education - EasyPost | K202: 4″ | L202: 15:2415:24 | M202: ..
A203: 24 | B203: 10 | C203: ▼14 | D203: 37 | F203: TT | G203: 24 | H203: VacekMathiasLidl - Trek | I203: Lidl - Trek | L203: 16:5816:58 | M203: ..
A204: 25 | B204: 26 | C204: ▲1 | D204: 4 | F204: GC | G204: 28 | H204: McNultyBrandonUAE Team Emirates - XRG | I204: UAE Team Emirates - XRG | L204: 18:4218:42 | M204: ..
A205: 26 | B205: 20 | C205: ▼6 | D205: 65 | F205: Climber | G205: 29 | H205: TejadaHaroldXDS Astana Team | I205: XDS Astana Team | L205: 22:5422:54 | M205: ..
A206: 27 | B206: 28 | C206: ▲1 | D206: 52 | F206: Classic | G206: 32 | H206: BenootTiesjDecathlon CMA CGM Team | I206: Decathlon CMA CGM Team | L206: 26:1726:17 | M206: ..
A207: 28 | B207: 34 | C207: ▲6 | D207: 16 | F207: GC | G207: 27 | H207: JorgensonMatteoTeam Visma | Lease a Bike | I207: Team Visma | Lease a Bike | L207: 32:5432:54 | M207: ..
A208: 29 | B208: 36 | C208: ▲7 | D208: 57 | F208: GC | G208: 29 | H208: ProdhommeNicolasDecathlon CMA CGM Team | I208: Decathlon CMA CGM Team | L208: 35:2635:26 | M208: ..
A209: 30 | B209: 27 | C209: ▼3 | D209: 82 | F209: GC | G209: 26 | H209: ArensmanThymenNetcompany INEOS | I209: Netcompany INEOS | L209: 37:1237:12 | M209: ..
A210: 31 | B210: 38 | C210: ▲7 | D210: 38 | F210: GC | G210: 33 | H210: VeronaCarlosLidl - Trek | I210: Lidl - Trek | L210: 39:5339:53 | M210: ..
A211: 32 | B211: 40 | C211: ▲8 | D211: 161 | F211: GC | G211: 37 | H211: IzagirreIonCofidis | I211: Cofidis | L211: 40:4540:45 | M211: ..
